Workbook
Name AverageWinRate: Score!$J$3
Name Vote: #REF!
Name FallBehind: Score!$X$9
Name TotalWins: Score!$F$3
Name LossRateTarget: Score!$X$7
Name Improve: #REF!
Name TotalGames: Score!$L$3
Name DoesNotMeetThreshold: #REF!
Name NumberOfDecks: Score!$B$3
Name PositiveNegative: #REF!
Name AvgPlayPerDeck: Score!$X$2
Name PlayDecKMore: #REF!
Name TotalLosses: Score!$H$3
Name PlayMore: #REF!
Name Threshold: Score!$X$8
Name AverageFunRate: #REF!
Name LossRate: Score!$X$7
Name WinRateTarget: Score!$X$6
Name ValidationNr: Score!$X$8
Name Nerf: #REF!
Name AveragePlayPerDeck: Score!$X$2

Sheet Wants List
B1: Legend | F1: Breya, Etherium Shaper | J1: Damia, Sage of Stone | N1: Derevi, Empyrial Tactician | R1: ="Cnt. "& sum(S2:S194) -> Cnt. 37 | T1: ="Card Names (Unique cards: " & COUNTA(T2:T302) &")" -> Card Names (Unique cards: 34) | V1: =TEXTJOIN(CHAR(10), TRUE,$B$19:$D$21, $F3:$F21, $J3:$J21, N3:$N21, $B24:$B44, $F24:$F44, $J24:$J44, $N24:$N44, $B47:$B67, $F47:$F67, $J47:$J67, $N47:$N67, $B70:$B90, $F70:$F90, $J70:$J90, $N70:$N90, $B93:$B113, $F93:$F113, $J93:$J113, $N93:$N113, $B116:$B131, $F116:$F131, $J116:$J131, $N116:$N131, $B134:$B159, $F134:$F159, $J134:$J159, $N134:$N159) -> Boltbender Horizon of Progress Change of Plans Witch-king of Angmar Voice of Victory Ainok strike leader Senu, Keen-Eyed Protector Practiced Scrollsmith \Aziza, Mage Tower Captain Personify ? Eldrazi Confluence ?Goobbue Gardener ?Frenzied Baloth \Intruder Alarm ?Neko-Te ?Flatline Agate Instigator token ?Agate Instigator ?Cosmogrand Zenith \Aziza, Mage Tower Captain Nanogene Conversion ?Keep Watch Welcoming vampire ?Brainstorm ?Share the Spoils ?Wyll's reversal ?Possessed Portal \Urza's cave \Arena of Glory \Wild Wasteland \Urza's cave \Damping Sphere \Sidisi, Regent of the Mire My Precious \Planar Incision Frost cliff siege ?Lyla, Holographic Assistant ?Thirst for Discovery ?Quick Study Secret Salvage Shadow-Rite Priest Agent venom ?Qarsi Revenant ?Surtr, Fiery Jotun Adrenaline Jockey ?Star athlete ?Ashling's Prerogative ?Orcish Lumberjack \Conduit of Worlds \Druid Class \Nissa, Resurgent Animist \Mina and Denn, Wildborn \Pair o' Dice Lost \Loamcrafter Faun \Horizon of Progress \Galadriel's Dismissal Shadow of the Second Sun Horizon of Progress ?Rites of Spring Winter, Misanthropic Guide \\Torpor orb Mox Jasper Frost cliff siege Horizon of Progress ?Echo of Eons \Tataru Taru Bilbo thief in the night Sage of the Beyond Fortune Teller's Talent ?Thieving Varmint \Trouble in Pairs \\Dawn's Truce Kodama of the West Tree Rune of Might \Bear Umbra \Kami of Whispered Hopes \Shield of the Oversoul Incubation Druid ?Canopy Cover /Alpha Authority /Esper Sentinel ?Angelic destiny ?Giant Inheritance \Restoration Seminar Underworld Breach Kroxa, Titan of Death's Hunger Junji, the Midnight Sky ?Balor ?Dawn's Truce Auriok Champion ?Ashes of the Abhorrent \?Leonin Elder \Pinnacle Monk \Seething Song \Molten-Core Maestro \Unexpected Windfall \?Spider manifestation
B2: When a cell contains the below symbols. It will be left out of the buy list on the right. | F2: In | H2: Out | J2: In | L2: Out | N2: In | P2: Out | S2: 1 | T2: {=UNIQUE($V$2:$V$300)} -> Boltbender | V2: =IFERROR(__xludf.DUMMYFUNCTION("IF(ISERROR(INDEX(IFERROR(FILTER(SPLIT($V$1, CHAR(10)), NOT(REGEXMATCH(SPLIT($V$1, CHAR(10)), ""\?|\\"")))), ROW()-ROW($T$1:$T$194))), """", INDEX(IFERROR(FILTER(SPLIT($V$1, CHAR(10)), NOT(REGEXMATCH(SPLIT($V$1, CHAR(10)), ""\?|\\"")))), ROW()-ROW($T$1:$T$"&"300)))"),"Boltbender ") -> Boltbender | W2: =COUNTIF($V$2:$V$300,$V2) -> 1
J3: Horizon of Progress | N3: Voice of Victory | S3: 3 | T3: Horizon of Progress | V3: =IFERROR(__xludf.DUMMYFUNCTION("IF(ISERROR(INDEX(IFERROR(FILTER(SPLIT($V$1, CHAR(10)), NOT(REGEXMATCH(SPLIT($V$1, CHAR(10)), ""\?|\\"")))), ROW()-ROW($T$1:$T$194))), """", INDEX(IFERROR(FILTER(SPLIT($V$1, CHAR(10)), NOT(REGEXMATCH(SPLIT($V$1, CHAR(10)), ""\?|\\"")))), ROW()-ROW($T$1:$T$"&"300)))"),"Horizon of Progress ") -> Horizon of Progress | W3: =COUNTIF($V$2:$V$300,$V3) -> 3
J4: Change of Plans | N4: Ainok strike leader | S4: 1 | T4: Change of Plans | V4: =IFERROR(__xludf.DUMMYFUNCTION("IF(ISERROR(INDEX(IFERROR(FILTER(SPLIT($V$1, CHAR(10)), NOT(REGEXMATCH(SPLIT($V$1, CHAR(10)), ""\?|\\"")))), ROW()-ROW($T$1:$T$194))), """", INDEX(IFERROR(FILTER(SPLIT($V$1, CHAR(10)), NOT(REGEXMATCH(SPLIT($V$1, CHAR(10)), ""\?|\\"")))), ROW()-ROW($T$1:$T$"&"300)))"),"Change of Plans") -> Change of Plans | W4: =COUNTIF($V$2:$V$300,$V4) -> 1
B5: ? = Questioning if it should go in | J5: Witch-king of Angmar | N5: Senu, Keen-Eyed Protector | S5: 2 | T5: Witch-king of Angmar | V5: =IFERROR(__xludf.DUMMYFUNCTION("IF(ISERROR(INDEX(IFERROR(FILTER(SPLIT($V$1, CHAR(10)), NOT(REGEXMATCH(SPLIT($V$1, CHAR(10)), ""\?|\\"")))), ROW()-ROW($T$1:$T$194))), """", INDEX(IFERROR(FILTER(SPLIT($V$1, CHAR(10)), NOT(REGEXMATCH(SPLIT($V$1, CHAR(10)), ""\?|\\"")))), ROW()-ROW($T$1:$T$"&"300)))"),"Witch-king of Angmar") -> Witch-king of Angmar | W5: =COUNTIF($V$2:$V$300,$V5) -> 1
B6: Code: Ctrl + Alt + Shift + 9 | S6: 1 | T6: Voice of Victory | V6: =IFERROR(__xludf.DUMMYFUNCTION("IF(ISERROR(INDEX(IFERROR(FILTER(SPLIT($V$1, CHAR(10)), NOT(REGEXMATCH(SPLIT($V$1, CHAR(10)), ""\?|\\"")))), ROW()-ROW($T$1:$T$194))), """", INDEX(IFERROR(FILTER(SPLIT($V$1, CHAR(10)), NOT(REGEXMATCH(SPLIT($V$1, CHAR(10)), ""\?|\\"")))), ROW()-ROW($T$1:$T$"&"300)))"),"Voice of Victory") -> Voice of Victory | W6: =COUNTIF($V$2:$V$300,$V6) -> 1
S7: 2 | T7: Ainok strike leader | V7: =IFERROR(__xludf.DUMMYFUNCTION("IF(ISERROR(INDEX(IFERROR(FILTER(SPLIT($V$1, CHAR(10)), NOT(REGEXMATCH(SPLIT($V$1, CHAR(10)), ""\?|\\"")))), ROW()-ROW($T$1:$T$194))), """", INDEX(IFERROR(FILTER(SPLIT($V$1, CHAR(10)), NOT(REGEXMATCH(SPLIT($V$1, CHAR(10)), ""\?|\\"")))), ROW()-ROW($T$1:$T$"&"300)))"),"Ainok strike leader") -> Ainok strike leader | W7: =COUNTIF($V$2:$V$300,$V7) -> 1
B8: \ = Own it already but it isn't in. | S8: 1 | T8: Senu, Keen-Eyed Protector | V8: =IFERROR(__xludf.DUMMYFUNCTION("IF(ISERROR(INDEX(IFERROR(FILTER(SPLIT($V$1, CHAR(10)), NOT(REGEXMATCH(SPLIT($V$1, CHAR(10)), ""\?|\\"")))), ROW()-ROW($T$1:$T$194))), """", INDEX(IFERROR(FILTER(SPLIT($V$1, CHAR(10)), NOT(REGEXMATCH(SPLIT($V$1, CHAR(10)), ""\?|\\"")))), ROW()-ROW($T$1:$T$"&"300)))"),"Senu, Keen-Eyed Protector") -> Senu, Keen-Eyed Protector | W8: =COUNTIF($V$2:$V$300,$V8) -> 1
B9: Code: Ctrl + Alt + Shift + 0 | S9: 1 | T9: Practiced Scrollsmith | V9: =IFERROR(__xludf.DUMMYFUNCTION("IF(ISERROR(INDEX(IFERROR(FILTER(SPLIT($V$1, CHAR(10)), NOT(REGEXMATCH(SPLIT($V$1, CHAR(10)), ""\?|\\"")))), ROW()-ROW($T$1:$T$194))), """", INDEX(IFERROR(FILTER(SPLIT($V$1, CHAR(10)), NOT(REGEXMATCH(SPLIT($V$1, CHAR(10)), ""\?|\\"")))), ROW()-ROW($T$1:$T$"&"300)))"),"Practiced Scrollsmith") -> Practiced Scrollsmith | W9: =COUNTIF($V$2:$V$300,$V9) -> 1
S10: 1 | T10: Personify | V10: =IFERROR(__xludf.DUMMYFUNCTION("IF(ISERROR(INDEX(IFERROR(FILTER(SPLIT($V$1, CHAR(10)), NOT(REGEXMATCH(SPLIT($V$1, CHAR(10)), ""\?|\\"")))), ROW()-ROW($T$1:$T$194))), """", INDEX(IFERROR(FILTER(SPLIT($V$1, CHAR(10)), NOT(REGEXMATCH(SPLIT($V$1, CHAR(10)), ""\?|\\"")))), ROW()-ROW($T$1:$T$"&"300)))"),"Personify") -> Personify | W10: =COUNTIF($V$2:$V$300,$V10) -> 1
B11: Remove "\ " or "? " from the selected cells | S11: 1 | T11: Agate Instigator token | V11: =IFERROR(__xludf.DUMMYFUNCTION("IF(ISERROR(INDEX(IFERROR(FILTER(SPLIT($V$1, CHAR(10)), NOT(REGEXMATCH(SPLIT($V$1, CHAR(10)), ""\?|\\"")))), ROW()-ROW($T$1:$T$194))), """", INDEX(IFERROR(FILTER(SPLIT($V$1, CHAR(10)), NOT(REGEXMATCH(SPLIT($V$1, CHAR(10)), ""\?|\\"")))), ROW()-ROW($T$1:$T$"&"300)))"),"Agate Instigator token") -> Agate Instigator token | W11: =COUNTIF($V$2:$V$300,$V11) -> 1
B12: Code: Ctrl + Alt + Shift + 8 | S12: 1 | T12: Nanogene Conversion | V12: =IFERROR(__xludf.DUMMYFUNCTION("IF(ISERROR(INDEX(IFERROR(FILTER(SPLIT($V$1, CHAR(10)), NOT(REGEXMATCH(SPLIT($V$1, CHAR(10)), ""\?|\\"")))), ROW()-ROW($T$1:$T$194))), """", INDEX(IFERROR(FILTER(SPLIT($V$1, CHAR(10)), NOT(REGEXMATCH(SPLIT($V$1, CHAR(10)), ""\?|\\"")))), ROW()-ROW($T$1:$T$"&"300)))"),"Nanogene Conversion") -> Nanogene Conversion | W12: =COUNTIF($V$2:$V$300,$V12) -> 1
S13: 1 | T13: Welcoming vampire | V13: =IFERROR(__xludf.DUMMYFUNCTION("IF(ISERROR(INDEX(IFERROR(FILTER(SPLIT($V$1, CHAR(10)), NOT(REGEXMATCH(SPLIT($V$1, CHAR(10)), ""\?|\\"")))), ROW()-ROW($T$1:$T$194))), """", INDEX(IFERROR(FILTER(SPLIT($V$1, CHAR(10)), NOT(REGEXMATCH(SPLIT($V$1, CHAR(10)), ""\?|\\"")))), ROW()-ROW($T$1:$T$"&"300)))"),"Welcoming vampire ") -> Welcoming vampire | W13: =COUNTIF($V$2:$V$300,$V13) -> 1
B14: Scryfall list | S14: 1 | T14: My Precious | V14: =IFERROR(__xludf.DUMMYFUNCTION("IF(ISERROR(INDEX(IFERROR(FILTER(SPLIT($V$1, CHAR(10)), NOT(REGEXMATCH(SPLIT($V$1, CHAR(10)), ""\?|\\"")))), ROW()-ROW($T$1:$T$194))), """", INDEX(IFERROR(FILTER(SPLIT($V$1, CHAR(10)), NOT(REGEXMATCH(SPLIT($V$1, CHAR(10)), ""\?|\\"")))), ROW()-ROW($T$1:$T$"&"300)))"),"My Precious") -> My Precious | W14: =COUNTIF($V$2:$V$300,$V14) -> 1
B15: Code: Ctrl + Alt + Shift + 7 | S15: 1 | T15: Frost cliff siege | V15: =IFERROR(__xludf.DUMMYFUNCTION("IF(ISERROR(INDEX(IFERROR(FILTER(SPLIT($V$1, CHAR(10)), NOT(REGEXMATCH(SPLIT($V$1, CHAR(10)), ""\?|\\"")))), ROW()-ROW($T$1:$T$194))), """", INDEX(IFERROR(FILTER(SPLIT($V$1, CHAR(10)), NOT(REGEXMATCH(SPLIT($V$1, CHAR(10)), ""\?|\\"")))), ROW()-ROW($T$1:$T$"&"300)))"),"Frost cliff siege") -> Frost cliff siege | W15: =COUNTIF($V$2:$V$300,$V15) -> 2
S16: 1 | T16: Secret Salvage | V16: =IFERROR(__xludf.DUMMYFUNCTION("IF(ISERROR(INDEX(IFERROR(FILTER(SPLIT($V$1, CHAR(10)), NOT(REGEXMATCH(SPLIT($V$1, CHAR(10)), ""\?|\\"")))), ROW()-ROW($T$1:$T$194))), """", INDEX(IFERROR(FILTER(SPLIT($V$1, CHAR(10)), NOT(REGEXMATCH(SPLIT($V$1, CHAR(10)), ""\?|\\"")))), ROW()-ROW($T$1:$T$"&"300)))"),"Secret Salvage ") -> Secret Salvage | W16: =COUNTIF($V$2:$V$300,$V16) -> 1
B17: Buy anyway | S17: 1 | T17: Shadow-Rite Priest | V17: =IFERROR(__xludf.DUMMYFUNCTION("IF(ISERROR(INDEX(IFERROR(FILTER(SPLIT($V$1, CHAR(10)), NOT(REGEXMATCH(SPLIT($V$1, CHAR(10)), ""\?|\\"")))), ROW()-ROW($T$1:$T$194))), """", INDEX(IFERROR(FILTER(SPLIT($V$1, CHAR(10)), NOT(REGEXMATCH(SPLIT($V$1, CHAR(10)), ""\?|\\"")))), ROW()-ROW($T$1:$T$"&"300)))"),"Shadow-Rite Priest") -> Shadow-Rite Priest | W17: =COUNTIF($V$2:$V$300,$V17) -> 1
B18: In | D18: In | S18: =IF($T18="","",IFERROR(VLOOKUP($T18,$V$2:$W$300,2,FALSE),"")) -> 1 | T18: Agent venom | V18: =IFERROR(__xludf.DUMMYFUNCTION("IF(ISERROR(INDEX(IFERROR(FILTER(SPLIT($V$1, CHAR(10)), NOT(REGEXMATCH(SPLIT($V$1, CHAR(10)), ""\?|\\"")))), ROW()-ROW($T$1:$T$194))), """", INDEX(IFERROR(FILTER(SPLIT($V$1, CHAR(10)), NOT(REGEXMATCH(SPLIT($V$1, CHAR(10)), ""\?|\\"")))), ROW()-ROW($T$1:$T$"&"300)))"),"Agent venom") -> Agent venom | W18: =COUNTIF($V$2:$V$300,$V18) -> 1
S19: =IF($T19="","",IFERROR(VLOOKUP($T19,$V$2:$W$300,2,FALSE),"")) -> 1 | T19: Adrenaline Jockey | V19: =IFERROR(__xludf.DUMMYFUNCTION("IF(ISERROR(INDEX(IFERROR(FILTER(SPLIT($V$1, CHAR(10)), NOT(REGEXMATCH(SPLIT($V$1, CHAR(10)), ""\?|\\"")))), ROW()-ROW($T$1:$T$194))), """", INDEX(IFERROR(FILTER(SPLIT($V$1, CHAR(10)), NOT(REGEXMATCH(SPLIT($V$1, CHAR(10)), ""\?|\\"")))), ROW()-ROW($T$1:$T$"&"300)))"),"Adrenaline Jockey") -> Adrenaline Jockey | W19: =COUNTIF($V$2:$V$300,$V19) -> 1
B20: Boltbender | S20: =IF($T20="","",IFERROR(VLOOKUP($T20,$V$2:$W$300,2,FALSE),"")) -> 1 | T20: Shadow of the Second Sun | V20: =IFERROR(__xludf.DUMMYFUNCTION("IF(ISERROR(INDEX(IFERROR(FILTER(SPLIT($V$1, CHAR(10)), NOT(REGEXMATCH(SPLIT($V$1, CHAR(10)), ""\?|\\"")))), ROW()-ROW($T$1:$T$194))), """", INDEX(IFERROR(FILTER(SPLIT($V$1, CHAR(10)), NOT(REGEXMATCH(SPLIT($V$1, CHAR(10)), ""\?|\\"")))), ROW()-ROW($T$1:$T$"&"300)))"),"Shadow of the Second Sun") -> Shadow of the Second Sun | W20: =COUNTIF($V$2:$V$300,$V20) -> 1
S21: =IF($T21="","",IFERROR(VLOOKUP($T21,$V$2:$W$300,2,FALSE),"")) -> 1 | T21: Winter, Misanthropic Guide | V21: =IFERROR(__xludf.DUMMYFUNCTION("IF(ISERROR(INDEX(IFERROR(FILTER(SPLIT($V$1, CHAR(10)), NOT(REGEXMATCH(SPLIT($V$1, CHAR(10)), ""\?|\\"")))), ROW()-ROW($T$1:$T$194))), """", INDEX(IFERROR(FILTER(SPLIT($V$1, CHAR(10)), NOT(REGEXMATCH(SPLIT($V$1, CHAR(10)), ""\?|\\"")))), ROW()-ROW($T$1:$T$"&"300)))"),"Horizon of Progress ") -> Horizon of Progress | W21: =COUNTIF($V$2:$V$300,$V21) -> 3
B22: Feather, the Redeemed | F22: Ghidorah, King of the Cosmos | J22: Ghyrson Starn, Kelermorph | N22: Jetmir, Nexus of Revels | S22: =IF($T22="","",IFERROR(VLOOKUP($T22,$V$2:$W$300,2,FALSE),"")) -> 1 | T22: Mox Jasper | V22: =IFERROR(__xludf.DUMMYFUNCTION("IF(ISERROR(INDEX(IFERROR(FILTER(SPLIT($V$1, CHAR(10)), NOT(REGEXMATCH(SPLIT($V$1, CHAR(10)), ""\?|\\"")))), ROW()-ROW($T$1:$T$194))), """", INDEX(IFERROR(FILTER(SPLIT($V$1, CHAR(10)), NOT(REGEXMATCH(SPLIT($V$1, CHAR(10)), ""\?|\\"")))), ROW()-ROW($T$1:$T$"&"300)))"),"Winter, Misanthropic Guide") -> Winter, Misanthropic Guide | W22: =COUNTIF($V$2:$V$300,$V22) -> 1
B23: In | D23: Out | F23: In | H23: Out | J23: In | L23: Out | N23: In | P23: Out | S23: =IF($T23="","",IFERROR(VLOOKUP($T23,$V$2:$W$300,2,FALSE),"")) -> 1 | T23: Bilbo thief in the night | V23: =IFERROR(__xludf.DUMMYFUNCTION("IF(ISERROR(INDEX(IFERROR(FILTER(SPLIT($V$1, CHAR(10)), NOT(REGEXMATCH(SPLIT($V$1, CHAR(10)), ""\?|\\"")))), ROW()-ROW($T$1:$T$194))), """", INDEX(IFERROR(FILTER(SPLIT($V$1, CHAR(10)), NOT(REGEXMATCH(SPLIT($V$1, CHAR(10)), ""\?|\\"")))), ROW()-ROW($T$1:$T$"&"300)))"),"Mox Jasper ") -> Mox Jasper | W23: =COUNTIF($V$2:$V$300,$V23) -> 1
B24: Practiced Scrollsmith | D24: Pinnacle monk | F24: ?Goobbue Gardener | J24: \Intruder Alarm | N24: Agate Instigator token | S24: =IF($T24="","",IFERROR(VLOOKUP($T24,$V$2:$W$300,2,FALSE),"")) -> 1 | T24: Sage of the Beyond | V24: =IFERROR(__xludf.DUMMYFUNCTION("IF(ISERROR(INDEX(IFERROR(FILTER(SPLIT($V$1, CHAR(10)), NOT(REGEXMATCH(SPLIT($V$1, CHAR(10)), ""\?|\\"")))), ROW()-ROW($T$1:$T$194))), """", INDEX(IFERROR(FILTER(SPLIT($V$1, CHAR(10)), NOT(REGEXMATCH(SPLIT($V$1, CHAR(10)), ""\?|\\"")))), ROW()-ROW($T$1:$T$"&"300)))"),"Frost cliff siege") -> Frost cliff siege | W24: =COUNTIF($V$2:$V$300,$V24) -> 2
B25: \Aziza, Mage Tower Captain | F25: ?Frenzied Baloth | S25: =IF($T25="","",IFERROR(VLOOKUP($T25,$V$2:$W$300,2,FALSE),"")) -> 1 | T25: Fortune Teller's Talent | V25: =IFERROR(__xludf.DUMMYFUNCTION("IF(ISERROR(INDEX(IFERROR(FILTER(SPLIT($V$1, CHAR(10)), NOT(REGEXMATCH(SPLIT($V$1, CHAR(10)), ""\?|\\"")))), ROW()-ROW($T$1:$T$194))), """", INDEX(IFERROR(FILTER(SPLIT($V$1, CHAR(10)), NOT(REGEXMATCH(SPLIT($V$1, CHAR(10)), ""\?|\\"")))), ROW()-ROW($T$1:$T$"&"300)))"),"Horizon of Progress ") -> Horizon of Progress | W25: =COUNTIF($V$2:$V$300,$V25) -> 3
B26: Personify | S26: =IF($T26="","",IFERROR(VLOOKUP($T26,$V$2:$W$300,2,FALSE),"")) -> 1 | T26: Kodama of the West Tree | V26: =IFERROR(__xludf.DUMMYFUNCTION("IF(ISERROR(INDEX(IFERROR(FILTER(SPLIT($V$1, CHAR(10)), NOT(REGEXMATCH(SPLIT($V$1, CHAR(10)), ""\?|\\"")))), ROW()-ROW($T$1:$T$194))), """", INDEX(IFERROR(FILTER(SPLIT($V$1, CHAR(10)), NOT(REGEXMATCH(SPLIT($V$1, CHAR(10)), ""\?|\\"")))), ROW()-ROW($T$1:$T$"&"300)))"),"Bilbo thief in the night") -> Bilbo thief in the night | W26: =COUNTIF($V$2:$V$300,$V26) -> 1
S27: =IF($T27="","",IFERROR(VLOOKUP($T27,$V$2:$W$300,2,FALSE),"")) -> 1 | T27: Rune of Might | V27: =IFERROR(__xludf.DUMMYFUNCTION("IF(ISERROR(INDEX(IFERROR(FILTER(SPLIT($V$1, CHAR(10)), NOT(REGEXMATCH(SPLIT($V$1, CHAR(10)), ""\?|\\"")))), ROW()-ROW($T$1:$T$194))), """", INDEX(IFERROR(FILTER(SPLIT($V$1, CHAR(10)), NOT(REGEXMATCH(SPLIT($V$1, CHAR(10)), ""\?|\\"")))), ROW()-ROW($T$1:$T$"&"300)))"),"Sage of the Beyond") -> Sage of the Beyond | W27: =COUNTIF($V$2:$V$300,$V27) -> 1
S28: =IF($T28="","",IFERROR(VLOOKUP($T28,$V$2:$W$300,2,FALSE),"")) -> 1 | T28: Incubation Druid | V28: =IFERROR(__xludf.DUMMYFUNCTION("IF(ISERROR(INDEX(IFERROR(FILTER(SPLIT($V$1, CHAR(10)), NOT(REGEXMATCH(SPLIT($V$1, CHAR(10)), ""\?|\\"")))), ROW()-ROW($T$1:$T$194))), """", INDEX(IFERROR(FILTER(SPLIT($V$1, CHAR(10)), NOT(REGEXMATCH(SPLIT($V$1, CHAR(10)), ""\?|\\"")))), ROW()-ROW($T$1:$T$"&"300)))"),"Fortune Teller's Talent ") -> Fortune Teller's Talent | W28: =COUNTIF($V$2:$V$300,$V28) -> 1
S29: =IF($T29="","",IFERROR(VLOOKUP($T29,$V$2:$W$300,2,FALSE),"")) -> 1 | T29: /Alpha Authority | V29: =IFERROR(__xludf.DUMMYFUNCTION("IF(ISERROR(INDEX(IFERROR(FILTER(SPLIT($V$1, CHAR(10)), NOT(REGEXMATCH(SPLIT($V$1, CHAR(10)), ""\?|\\"")))), ROW()-ROW($T$1:$T$194))), """", INDEX(IFERROR(FILTER(SPLIT($V$1, CHAR(10)), NOT(REGEXMATCH(SPLIT($V$1, CHAR(10)), ""\?|\\"")))), ROW()-ROW($T$1:$T$"&"300)))"),"Kodama of the West Tree") -> Kodama of the West Tree | W29: =COUNTIF($V$2:$V$300,$V29) -> 1
S30: =IF($T30="","",IFERROR(VLOOKUP($T30,$V$2:$W$300,2,FALSE),"")) -> 1 | T30: /Esper Sentinel | V30: =IFERROR(__xludf.DUMMYFUNCTION("IF(ISERROR(INDEX(IFERROR(FILTER(SPLIT($V$1, CHAR(10)), NOT(REGEXMATCH(SPLIT($V$1, CHAR(10)), ""\?|\\"")))), ROW()-ROW($T$1:$T$194))), """", INDEX(IFERROR(FILTER(SPLIT($V$1, CHAR(10)), NOT(REGEXMATCH(SPLIT($V$1, CHAR(10)), ""\?|\\"")))), ROW()-ROW($T$1:$T$"&"300)))"),"Rune of Might") -> Rune of Might | W30: =COUNTIF($V$2:$V$300,$V30) -> 1
S31: =IF($T31="","",IFERROR(VLOOKUP($T31,$V$2:$W$300,2,FALSE),"")) -> 1 | T31: Underworld Breach | V31: =IFERROR(__xludf.DUMMYFUNCTION("IF(ISERROR(INDEX(IFERROR(FILTER(SPLIT($V$1, CHAR(10)), NOT(REGEXMATCH(SPLIT($V$1, CHAR(10)), ""\?|\\"")))), ROW()-ROW($T$1:$T$194))), """", INDEX(IFERROR(FILTER(SPLIT($V$1, CHAR(10)), NOT(REGEXMATCH(SPLIT($V$1, CHAR(10)), ""\?|\\"")))), ROW()-ROW($T$1:$T$"&"300)))"),"Incubation Druid") -> Incubation Druid | W31: =COUNTIF($V$2:$V$300,$V31) -> 1
S32: =IF($T32="","",IFERROR(VLOOKUP($T32,$V$2:$W$300,2,FALSE),"")) -> 1 | T32: Kroxa, Titan of Death's Hunger | V32: =IFERROR(__xludf.DUMMYFUNCTION("IF(ISERROR(INDEX(IFERROR(FILTER(SPLIT($V$1, CHAR(10)), NOT(REGEXMATCH(SPLIT($V$1, CHAR(10)), ""\?|\\"")))), ROW()-ROW($T$1:$T$194))), """", INDEX(IFERROR(FILTER(SPLIT($V$1, CHAR(10)), NOT(REGEXMATCH(SPLIT($V$1, CHAR(10)), ""\?|\\"")))), ROW()-ROW($T$1:$T$"&"300)))"),"/Alpha Authority") -> /Alpha Authority | W32: =COUNTIF($V$2:$V$300,$V32) -> 1
S33: =IF($T33="","",IFERROR(VLOOKUP($T33,$V$2:$W$300,2,FALSE),"")) -> 1 | T33: Junji, the Midnight Sky | V33: =IFERROR(__xludf.DUMMYFUNCTION("IF(ISERROR(INDEX(IFERROR(FILTER(SPLIT($V$1, CHAR(10)), NOT(REGEXMATCH(SPLIT($V$1, CHAR(10)), ""\?|\\"")))), ROW()-ROW($T$1:$T$194))), """", INDEX(IFERROR(FILTER(SPLIT($V$1, CHAR(10)), NOT(REGEXMATCH(SPLIT($V$1, CHAR(10)), ""\?|\\"")))), ROW()-ROW($T$1:$T$"&"300)))"),"/Esper Sentinel") -> /Esper Sentinel | W33: =COUNTIF($V$2:$V$300,$V33) -> 1
S34: =IF($T34="","",IFERROR(VLOOKUP($T34,$V$2:$W$300,2,FALSE),"")) -> 1 | T34: Auriok Champion | V34: =IFERROR(__xludf.DUMMYFUNCTION("IF(ISERROR(INDEX(IFERROR(FILTER(SPLIT($V$1, CHAR(10)), NOT(REGEXMATCH(SPLIT($V$1, CHAR(10)), ""\?|\\"")))), ROW()-ROW($T$1:$T$194))), """", INDEX(IFERROR(FILTER(SPLIT($V$1, CHAR(10)), NOT(REGEXMATCH(SPLIT($V$1, CHAR(10)), ""\?|\\"")))), ROW()-ROW($T$1:$T$"&"300)))"),"Underworld Breach") -> Underworld Breach | W34: =COUNTIF($V$2:$V$300,$V34) -> 1
S35: =IF($T35="","",IFERROR(VLOOKUP($T35,$V$2:$W$300,2,FALSE),"")) | V35: =IFERROR(__xludf.DUMMYFUNCTION("IF(ISERROR(INDEX(IFERROR(FILTER(SPLIT($V$1, CHAR(10)), NOT(REGEXMATCH(SPLIT($V$1, CHAR(10)), ""\?|\\"")))), ROW()-ROW($T$1:$T$194))), """", INDEX(IFERROR(FILTER(SPLIT($V$1, CHAR(10)), NOT(REGEXMATCH(SPLIT($V$1, CHAR(10)), ""\?|\\"")))), ROW()-ROW($T$1:$T$"&"300)))"),"Kroxa, Titan of Death's Hunger") -> Kroxa, Titan of Death's Hunger | W35: =COUNTIF($V$2:$V$300,$V35) -> 1
S36: =IF($T36="","",IFERROR(VLOOKUP($T36,$V$2:$W$300,2,FALSE),"")) | V36: =IFERROR(__xludf.DUMMYFUNCTION("IF(ISERROR(INDEX(IFERROR(FILTER(SPLIT($V$1, CHAR(10)), NOT(REGEXMATCH(SPLIT($V$1, CHAR(10)), ""\?|\\"")))), ROW()-ROW($T$1:$T$194))), """", INDEX(IFERROR(FILTER(SPLIT($V$1, CHAR(10)), NOT(REGEXMATCH(SPLIT($V$1, CHAR(10)), ""\?|\\"")))), ROW()-ROW($T$1:$T$"&"300)))"),"Junji, the Midnight Sky") -> Junji, the Midnight Sky | W36: =COUNTIF($V$2:$V$300,$V36) -> 1
S37: =IF($T37="","",IFERROR(VLOOKUP($T37,$V$2:$W$300,2,FALSE),"")) | V37: =IFERROR(__xludf.DUMMYFUNCTION("IF(ISERROR(INDEX(IFERROR(FILTER(SPLIT($V$1, CHAR(10)), NOT(REGEXMATCH(SPLIT($V$1, CHAR(10)), ""\?|\\"")))), ROW()-ROW($T$1:$T$194))), """", INDEX(IFERROR(FILTER(SPLIT($V$1, CHAR(10)), NOT(REGEXMATCH(SPLIT($V$1, CHAR(10)), ""\?|\\"")))), ROW()-ROW($T$1:$T$"&"300)))"),"Auriok Champion") -> Auriok Champion | W37: =COUNTIF($V$2:$V$300,$V37) -> 1
S38: =IF($T38="","",IFERROR(VLOOKUP($T38,$V$2:$W$300,2,FALSE),"")) | V38: =IFERROR(__xludf.DUMMYFUNCTION("IF(ISERROR(INDEX(IFERROR(FILTER(SPLIT($V$1, CHAR(10)), NOT(REGEXMATCH(SPLIT($V$1, CHAR(10)), ""\?|\\"")))), ROW()-ROW($T$1:$T$194))), """", INDEX(IFERROR(FILTER(SPLIT($V$1, CHAR(10)), NOT(REGEXMATCH(SPLIT($V$1, CHAR(10)), ""\?|\\"")))), ROW()-ROW($T$1:$T$"&"300)))"),"") | W38: =COUNTIF($V$2:$V$300,$V38) -> 263
S39: =IF($T39="","",IFERROR(VLOOKUP($T39,$V$2:$W$300,2,FALSE),"")) | V39: =IFERROR(__xludf.DUMMYFUNCTION("IF(ISERROR(INDEX(IFERROR(FILTER(SPLIT($V$1, CHAR(10)), NOT(REGEXMATCH(SPLIT($V$1, CHAR(10)), ""\?|\\"")))), ROW()-ROW($T$1:$T$194))), """", INDEX(IFERROR(FILTER(SPLIT($V$1, CHAR(10)), NOT(REGEXMATCH(SPLIT($V$1, CHAR(10)), ""\?|\\"")))), ROW()-ROW($T$1:$T$"&"300)))"),"") | W39: =COUNTIF($V$2:$V$300,$V39) -> 263
S40: =IF($T40="","",IFERROR(VLOOKUP($T40,$V$2:$W$300,2,FALSE),"")) | V40: =IFERROR(__xludf.DUMMYFUNCTION("IF(ISERROR(INDEX(IFERROR(FILTER(SPLIT($V$1, CHAR(10)), NOT(REGEXMATCH(SPLIT($V$1, CHAR(10)), ""\?|\\"")))), ROW()-ROW($T$1:$T$194))), """", INDEX(IFERROR(FILTER(SPLIT($V$1, CHAR(10)), NOT(REGEXMATCH(SPLIT($V$1, CHAR(10)), ""\?|\\"")))), ROW()-ROW($T$1:$T$"&"300)))"),"") | W40: =COUNTIF($V$2:$V$300,$V40) -> 263
B41: ? Eldrazi Confluence | S41: =IF($T41="","",IFERROR(VLOOKUP($T41,$V$2:$W$300,2,FALSE),"")) | V41: =IFERROR(__xludf.DUMMYFUNCTION("IF(ISERROR(INDEX(IFERROR(FILTER(SPLIT($V$1, CHAR(10)), NOT(REGEXMATCH(SPLIT($V$1, CHAR(10)), ""\?|\\"")))), ROW()-ROW($T$1:$T$194))), """", INDEX(IFERROR(FILTER(SPLIT($V$1, CHAR(10)), NOT(REGEXMATCH(SPLIT($V$1, CHAR(10)), ""\?|\\"")))), ROW()-ROW($T$1:$T$"&"300)))"),"") | W41: =COUNTIF($V$2:$V$300,$V41) -> 263
J42: ?Neko-Te | N42: ?Agate Instigator | S42: =IF($T42="","",IFERROR(VLOOKUP($T42,$V$2:$W$300,2,FALSE),"")) | V42: =IFERROR(__xludf.DUMMYFUNCTION("IF(ISERROR(INDEX(IFERROR(FILTER(SPLIT($V$1, CHAR(10)), NOT(REGEXMATCH(SPLIT($V$1, CHAR(10)), ""\?|\\"")))), ROW()-ROW($T$1:$T$194))), """", INDEX(IFERROR(FILTER(SPLIT($V$1, CHAR(10)), NOT(REGEXMATCH(SPLIT($V$1, CHAR(10)), ""\?|\\"")))), ROW()-ROW($T$1:$T$"&"300)))"),"") | W42: =COUNTIF($V$2:$V$300,$V42) -> 263
J43: ?Flatline | N43: ?Cosmogrand Zenith | S43: =IF($T43="","",IFERROR(VLOOKUP($T43,$V$2:$W$300,2,FALSE),"")) | V43: =IFERROR(__xludf.DUMMYFUNCTION("IF(ISERROR(INDEX(IFERROR(FILTER(SPLIT($V$1, CHAR(10)), NOT(REGEXMATCH(SPLIT($V$1, CHAR(10)), ""\?|\\"")))), ROW()-ROW($T$1:$T$194))), """", INDEX(IFERROR(FILTER(SPLIT($V$1, CHAR(10)), NOT(REGEXMATCH(SPLIT($V$1, CHAR(10)), ""\?|\\"")))), ROW()-ROW($T$1:$T$"&"300)))"),"") | W43: =COUNTIF($V$2:$V$300,$V43) -> 263
S44: =IF($T44="","",IFERROR(VLOOKUP($T44,$V$2:$W$300,2,FALSE),"")) | V44: =IFERROR(__xludf.DUMMYFUNCTION("IF(ISERROR(INDEX(IFERROR(FILTER(SPLIT($V$1, CHAR(10)), NOT(REGEXMATCH(SPLIT($V$1, CHAR(10)), ""\?|\\"")))), ROW()-ROW($T$1:$T$194))), """", INDEX(IFERROR(FILTER(SPLIT($V$1, CHAR(10)), NOT(REGEXMATCH(SPLIT($V$1, CHAR(10)), ""\?|\\"")))), ROW()-ROW($T$1:$T$"&"300)))"),"") | W44: =COUNTIF($V$2:$V$300,$V44) -> 263
B45: Kykar, Wind's Fury | F45: Tannuk, Steadfast Second | J45: Liberator, Urza's Battlethopter | N45: Marchesa, the Black Rose | S45: =IF($T45="","",IFERROR(VLOOKUP($T45,$V$2:$W$300,2,FALSE),"")) | V45: =IFERROR(__xludf.DUMMYFUNCTION("IF(ISERROR(INDEX(IFERROR(FILTER(SPLIT($V$1, CHAR(10)), NOT(REGEXMATCH(SPLIT($V$1, CHAR(10)), ""\?|\\"")))), ROW()-ROW($T$1:$T$194))), """", INDEX(IFERROR(FILTER(SPLIT($V$1, CHAR(10)), NOT(REGEXMATCH(SPLIT($V$1, CHAR(10)), ""\?|\\"")))), ROW()-ROW($T$1:$T$"&"300)))"),"") | W45: =COUNTIF($V$2:$V$300,$V45) -> 263
B46: In | D46: Out | E46: D | F46: In | H46: Out | J46: In | L46: Out | N46: In | P46: Out | S46: =IF($T46="","",IFERROR(VLOOKUP($T46,$V$2:$W$300,2,FALSE),"")) | V46: =IFERROR(__xludf.DUMMYFUNCTION("IF(ISERROR(INDEX(IFERROR(FILTER(SPLIT($V$1, CHAR(10)), NOT(REGEXMATCH(SPLIT($V$1, CHAR(10)), ""\?|\\"")))), ROW()-ROW($T$1:$T$194))), """", INDEX(IFERROR(FILTER(SPLIT($V$1, CHAR(10)), NOT(REGEXMATCH(SPLIT($V$1, CHAR(10)), ""\?|\\"")))), ROW()-ROW($T$1:$T$"&"300)))"),"") | W46: =COUNTIF($V$2:$V$300,$V46) -> 263
B47: \Aziza, Mage Tower Captain | F47: ?Share the Spoils | J47: \Urza's cave | N47: \Sidisi, Regent of the Mire | S47: =IF($T47="","",IFERROR(VLOOKUP($T47,$V$2:$W$300,2,FALSE),"")) | V47: =IFERROR(__xludf.DUMMYFUNCTION("IF(ISERROR(INDEX(IFERROR(FILTER(SPLIT($V$1, CHAR(10)), NOT(REGEXMATCH(SPLIT($V$1, CHAR(10)), ""\?|\\"")))), ROW()-ROW($T$1:$T$194))), """", INDEX(IFERROR(FILTER(SPLIT($V$1, CHAR(10)), NOT(REGEXMATCH(SPLIT($V$1, CHAR(10)), ""\?|\\"")))), ROW()-ROW($T$1:$T$"&"300)))"),"") | W47: =COUNTIF($V$2:$V$300,$V47) -> 263
B48: Nanogene Conversion | F48: ?Wyll's reversal | J48: \Damping Sphere | N48: My Precious | P48: Nasty end | S48: =IF($T48="","",IFERROR(VLOOKUP($T48,$V$2:$W$300,2,FALSE),"")) | V48: =IFERROR(__xludf.DUMMYFUNCTION("IF(ISERROR(INDEX(IFERROR(FILTER(SPLIT($V$1, CHAR(10)), NOT(REGEXMATCH(SPLIT($V$1, CHAR(10)), ""\?|\\"")))), ROW()-ROW($T$1:$T$194))), """", INDEX(IFERROR(FILTER(SPLIT($V$1, CHAR(10)), NOT(REGEXMATCH(SPLIT($V$1, CHAR(10)), ""\?|\\"")))), ROW()-ROW($T$1:$T$"&"300)))"),"") | W48: =COUNTIF($V$2:$V$300,$V48) -> 263
B49: ?Keep Watch | F49: ?Possessed Portal | N49: \Planar Incision | S49: =IF($T49="","",IFERROR(VLOOKUP($T49,$V$2:$W$300,2,FALSE),"")) | V49: =IFERROR(__xludf.DUMMYFUNCTION("IF(ISERROR(INDEX(IFERROR(FILTER(SPLIT($V$1, CHAR(10)), NOT(REGEXMATCH(SPLIT($V$1, CHAR(10)), ""\?|\\"")))), ROW()-ROW($T$1:$T$194))), """", INDEX(IFERROR(FILTER(SPLIT($V$1, CHAR(10)), NOT(REGEXMATCH(SPLIT($V$1, CHAR(10)), ""\?|\\"")))), ROW()-ROW($T$1:$T$"&"300)))"),"") | W49: =COUNTIF($V$2:$V$300,$V49) -> 263
B50: Welcoming vampire | D50: Creature type draw? | F50: \Urza's cave | S50: =IF($T50="","",IFERROR(VLOOKUP($T50,$V$2:$W$300,2,FALSE),"")) | V50: =IFERROR(__xludf.DUMMYFUNCTION("IF(ISERROR(INDEX(IFERROR(FILTER(SPLIT($V$1, CHAR(10)), NOT(REGEXMATCH(SPLIT($V$1, CHAR(10)), ""\?|\\"")))), ROW()-ROW($T$1:$T$194))), """", INDEX(IFERROR(FILTER(SPLIT($V$1, CHAR(10)), NOT(REGEXMATCH(SPLIT($V$1, CHAR(10)), ""\?|\\"")))), ROW()-ROW($T$1:$T$"&"300)))"),"") | W50: =COUNTIF($V$2:$V$300,$V50) -> 263
F51: \Arena of Glory | N51: Frost cliff siege | P51: Haste enchantment | S51: =IF($T51="","",IFERROR(VLOOKUP($T51,$V$2:$W$300,2,FALSE),"")) | V51: =IFERROR(__xludf.DUMMYFUNCTION("IF(ISERROR(INDEX(IFERROR(FILTER(SPLIT($V$1, CHAR(10)), NOT(REGEXMATCH(SPLIT($V$1, CHAR(10)), ""\?|\\"")))), ROW()-ROW($T$1:$T$194))), """", INDEX(IFERROR(FILTER(SPLIT($V$1, CHAR(10)), NOT(REGEXMATCH(SPLIT($V$1, CHAR(10)), ""\?|\\"")))), ROW()-ROW($T$1:$T$"&"300)))"),"") | W51: =COUNTIF($V$2:$V$300,$V51) -> 263
F52: \Wild Wasteland | S52: =IF($T52="","",IFERROR(VLOOKUP($T52,$V$2:$W$300,2,FALSE),"")) | V52: =IFERROR(__xludf.DUMMYFUNCTION("IF(ISERROR(INDEX(IFERROR(FILTER(SPLIT($V$1, CHAR(10)), NOT(REGEXMATCH(SPLIT($V$1, CHAR(10)), ""\?|\\"")))), ROW()-ROW($T$1:$T$194))), """", INDEX(IFERROR(FILTER(SPLIT($V$1, CHAR(10)), NOT(REGEXMATCH(SPLIT($V$1, CHAR(10)), ""\?|\\"")))), ROW()-ROW($T$1:$T$"&"300)))"),"") | W52: =COUNTIF($V$2:$V$300,$V52) -> 263
S53: =IF($T53="","",IFERROR(VLOOKUP($T53,$V$2:$W$300,2,FALSE),"")) | V53: =IFERROR(__xludf.DUMMYFUNCTION("IF(ISERROR(INDEX(IFERROR(FILTER(SPLIT($V$1, CHAR(10)), NOT(REGEXMATCH(SPLIT($V$1, CHAR(10)), ""\?|\\"")))), ROW()-ROW($T$1:$T$194))), """", INDEX(IFERROR(FILTER(SPLIT($V$1, CHAR(10)), NOT(REGEXMATCH(SPLIT($V$1, CHAR(10)), ""\?|\\"")))), ROW()-ROW($T$1:$T$"&"300)))"),"") | W53: =COUNTIF($V$2:$V$300,$V53) -> 263
S54: =IF($T54="","",IFERROR(VLOOKUP($T54,$V$2:$W$300,2,FALSE),"")) | V54: =IFERROR(__xludf.DUMMYFUNCTION("IF(ISERROR(INDEX(IFERROR(FILTER(SPLIT($V$1, CHAR(10)), NOT(REGEXMATCH(SPLIT($V$1, CHAR(10)), ""\?|\\"")))), ROW()-ROW($T$1:$T$194))), """", INDEX(IFERROR(FILTER(SPLIT($V$1, CHAR(10)), NOT(REGEXMATCH(SPLIT($V$1, CHAR(10)), ""\?|\\"")))), ROW()-ROW($T$1:$T$"&"300)))"),"") | W54: =COUNTIF($V$2:$V$300,$V54) -> 263
A55: wwwwwa | S55: =IF($T55="","",IFERROR(VLOOKUP($T55,$V$2:$W$300,2,FALSE),"")) | V55: =IFERROR(__xludf.DUMMYFUNCTION("IF(ISERROR(INDEX(IFERROR(FILTER(SPLIT($V$1, CHAR(10)), NOT(REGEXMATCH(SPLIT($V$1, CHAR(10)), ""\?|\\"")))), ROW()-ROW($T$1:$T$194))), """", INDEX(IFERROR(FILTER(SPLIT($V$1, CHAR(10)), NOT(REGEXMATCH(SPLIT($V$1, CHAR(10)), ""\?|\\"")))), ROW()-ROW($T$1:$T$"&"300)))"),"") | W55: =COUNTIF($V$2:$V$300,$V55) -> 263
S56: =IF($T56="","",IFERROR(VLOOKUP($T56,$V$2:$W$300,2,FALSE),"")) | V56: =IFERROR(__xludf.DUMMYFUNCTION("IF(ISERROR(INDEX(IFERROR(FILTER(SPLIT($V$1, CHAR(10)), NOT(REGEXMATCH(SPLIT($V$1, CHAR(10)), ""\?|\\"")))), ROW()-ROW($T$1:$T$194))), """", INDEX(IFERROR(FILTER(SPLIT($V$1, CHAR(10)), NOT(REGEXMATCH(SPLIT($V$1, CHAR(10)), ""\?|\\"")))), ROW()-ROW($T$1:$T$"&"300)))"),"") | W56: =COUNTIF($V$2:$V$300,$V56) -> 263
S57: =IF($T57="","",IFERROR(VLOOKUP($T57,$V$2:$W$300,2,FALSE),"")) | V57: =IFERROR(__xludf.DUMMYFUNCTION("IF(ISERROR(INDEX(IFERROR(FILTER(SPLIT($V$1, CHAR(10)), NOT(REGEXMATCH(SPLIT($V$1, CHAR(10)), ""\?|\\"")))), ROW()-ROW($T$1:$T$194))), """", INDEX(IFERROR(FILTER(SPLIT($V$1, CHAR(10)), NOT(REGEXMATCH(SPLIT($V$1, CHAR(10)), ""\?|\\"")))), ROW()-ROW($T$1:$T$"&"300)))"),"") | W57: =COUNTIF($V$2:$V$300,$V57) -> 263
S58: =IF($T58="","",IFERROR(VLOOKUP($T58,$V$2:$W$300,2,FALSE),"")) | V58: =IFERROR(__xludf.DUMMYFUNCTION("IF(ISERROR(INDEX(IFERROR(FILTER(SPLIT($V$1, CHAR(10)), NOT(REGEXMATCH(SPLIT($V$1, CHAR(10)), ""\?|\\"")))), ROW()-ROW($T$1:$T$194))), """", INDEX(IFERROR(FILTER(SPLIT($V$1, CHAR(10)), NOT(REGEXMATCH(SPLIT($V$1, CHAR(10)), ""\?|\\"")))), ROW()-ROW($T$1:$T$"&"300)))"),"") | W58: =COUNTIF($V$2:$V$300,$V58) -> 263
S59: =IF($T59="","",IFERROR(VLOOKUP($T59,$V$2:$W$300,2,FALSE),"")) | V59: =IFERROR(__xludf.DUMMYFUNCTION("IF(ISERROR(INDEX(IFERROR(FILTER(SPLIT($V$1, CHAR(10)), NOT(REGEXMATCH(SPLIT($V$1, CHAR(10)), ""\?|\\"")))), ROW()-ROW($T$1:$T$194))), """", INDEX(IFERROR(FILTER(SPLIT($V$1, CHAR(10)), NOT(REGEXMATCH(SPLIT($V$1, CHAR(10)), ""\?|\\"")))), ROW()-ROW($T$1:$T$"&"300)))"),"") | W59: =COUNTIF($V$2:$V$300,$V59) -> 263
S60: =IF($T60="","",IFERROR(VLOOKUP($T60,$V$2:$W$300,2,FALSE),"")) | V60: =IFERROR(__xludf.DUMMYFUNCTION("IF(ISERROR(INDEX(IFERROR(FILTER(SPLIT($V$1, CHAR(10)), NOT(REGEXMATCH(SPLIT($V$1, CHAR(10)), ""\?|\\"")))), ROW()-ROW($T$1:$T$194))), """", INDEX(IFERROR(FILTER(SPLIT($V$1, CHAR(10)), NOT(REGEXMATCH(SPLIT($V$1, CHAR(10)), ""\?|\\"")))), ROW()-ROW($T$1:$T$"&"300)))"),"") | W60: =COUNTIF($V$2:$V$300,$V60) -> 263
S61: =IF($T61="","",IFERROR(VLOOKUP($T61,$V$2:$W$300,2,FALSE),"")) | V61: =IFERROR(__xludf.DUMMYFUNCTION("IF(ISERROR(INDEX(IFERROR(FILTER(SPLIT($V$1, CHAR(10)), NOT(REGEXMATCH(SPLIT($V$1, CHAR(10)), ""\?|\\"")))), ROW()-ROW($T$1:$T$194))), """", INDEX(IFERROR(FILTER(SPLIT($V$1, CHAR(10)), NOT(REGEXMATCH(SPLIT($V$1, CHAR(10)), ""\?|\\"")))), ROW()-ROW($T$1:$T$"&"300)))"),"") | W61: =COUNTIF($V$2:$V$300,$V61) -> 263
S62: =IF($T62="","",IFERROR(VLOOKUP($T62,$V$2:$W$300,2,FALSE),"")) | V62: =IFERROR(__xludf.DUMMYFUNCTION("IF(ISERROR(INDEX(IFERROR(FILTER(SPLIT($V$1, CHAR(10)), NOT(REGEXMATCH(SPLIT($V$1, CHAR(10)), ""\?|\\"")))), ROW()-ROW($T$1:$T$194))), """", INDEX(IFERROR(FILTER(SPLIT($V$1, CHAR(10)), NOT(REGEXMATCH(SPLIT($V$1, CHAR(10)), ""\?|\\"")))), ROW()-ROW($T$1:$T$"&"300)))"),"") | W62: =COUNTIF($V$2:$V$300,$V62) -> 263
S63: =IF($T63="","",IFERROR(VLOOKUP($T63,$V$2:$W$300,2,FALSE),"")) | V63: =IFERROR(__xludf.DUMMYFUNCTION("IF(ISERROR(INDEX(IFERROR(FILTER(SPLIT($V$1, CHAR(10)), NOT(REGEXMATCH(SPLIT($V$1, CHAR(10)), ""\?|\\"")))), ROW()-ROW($T$1:$T$194))), """", INDEX(IFERROR(FILTER(SPLIT($V$1, CHAR(10)), NOT(REGEXMATCH(SPLIT($V$1, CHAR(10)), ""\?|\\"")))), ROW()-ROW($T$1:$T$"&"300)))"),"") | W63: =COUNTIF($V$2:$V$300,$V63) -> 263
S64: =IF($T64="","",IFERROR(VLOOKUP($T64,$V$2:$W$300,2,FALSE),"")) | V64: =IFERROR(__xludf.DUMMYFUNCTION("IF(ISERROR(INDEX(IFERROR(FILTER(SPLIT($V$1, CHAR(10)), NOT(REGEXMATCH(SPLIT($V$1, CHAR(10)), ""\?|\\"")))), ROW()-ROW($T$1:$T$194))), """", INDEX(IFERROR(FILTER(SPLIT($V$1, CHAR(10)), NOT(REGEXMATCH(SPLIT($V$1, CHAR(10)), ""\?|\\"")))), ROW()-ROW($T$1:$T$"&"300)))"),"") | W64: =COUNTIF($V$2:$V$300,$V64) -> 263
B65: ?Brainstorm | S65: =IF($T65="","",IFERROR(VLOOKUP($T65,$V$2:$W$300,2,FALSE),"")) | V65: =IFERROR(__xludf.DUMMYFUNCTION("IF(ISERROR(INDEX(IFERROR(FILTER(SPLIT($V$1, CHAR(10)), NOT(REGEXMATCH(SPLIT($V$1, CHAR(10)), ""\?|\\"")))), ROW()-ROW($T$1:$T$194))), """", INDEX(IFERROR(FILTER(SPLIT($V$1, CHAR(10)), NOT(REGEXMATCH(SPLIT($V$1, CHAR(10)), ""\?|\\"")))), ROW()-ROW($T$1:$T$"&"300)))"),"") | W65: =COUNTIF($V$2:$V$300,$V65) -> 263
S66: =IF($T66="","",IFERROR(VLOOKUP($T66,$V$2:$W$300,2,FALSE),"")) | V66: =IFERROR(__xludf.DUMMYFUNCTION("IF(ISERROR(INDEX(IFERROR(FILTER(SPLIT($V$1, CHAR(10)), NOT(REGEXMATCH(SPLIT($V$1, CHAR(10)), ""\?|\\"")))), ROW()-ROW($T$1:$T$194))), """", INDEX(IFERROR(FILTER(SPLIT($V$1, CHAR(10)), NOT(REGEXMATCH(SPLIT($V$1, CHAR(10)), ""\?|\\"")))), ROW()-ROW($T$1:$T$"&"300)))"),"") | W66: =COUNTIF($V$2:$V$300,$V66) -> 263
S67: =IF($T67="","",IFERROR(VLOOKUP($T67,$V$2:$W$300,2,FALSE),"")) | V67: =IFERROR(__xludf.DUMMYFUNCTION("IF(ISERROR(INDEX(IFERROR(FILTER(SPLIT($V$1, CHAR(10)), NOT(REGEXMATCH(SPLIT($V$1, CHAR(10)), ""\?|\\"")))), ROW()-ROW($T$1:$T$194))), """", INDEX(IFERROR(FILTER(SPLIT($V$1, CHAR(10)), NOT(REGEXMATCH(SPLIT($V$1, CHAR(10)), ""\?|\\"")))), ROW()-ROW($T$1:$T$"&"300)))"),"") | W67: =COUNTIF($V$2:$V$300,$V67) -> 263
B68: Minn, Wily Illusionist | F68: Nethroi, Apex of Death | J68: Obosh, the Preypiercer | N68: Omnath, Locus of Creation | S68: =IF($T68="","",IFERROR(VLOOKUP($T68,$V$2:$W$300,2,FALSE),"")) | V68: =IFERROR(__xludf.DUMMYFUNCTION("IF(ISERROR(INDEX(IFERROR(FILTER(SPLIT($V$1, CHAR(10)), NOT(REGEXMATCH(SPLIT($V$1, CHAR(10)), ""\?|\\"")))), ROW()-ROW($T$1:$T$194))), """", INDEX(IFERROR(FILTER(SPLIT($V$1, CHAR(10)), NOT(REGEXMATCH(SPLIT($V$1, CHAR(10)), ""\?|\\"")))), ROW()-ROW($T$1:$T$"&"300)))"),"") | W68: =COUNTIF($V$2:$V$300,$V68) -> 263
B69: In | D69: Out | F69: In | H69: Out | J69: In | L69: Out | N69: In | P69: Out | S69: =IF($T69="","",IFERROR(VLOOKUP($T69,$V$2:$W$300,2,FALSE),"")) | V69: =IFERROR(__xludf.DUMMYFUNCTION("IF(ISERROR(INDEX(IFERROR(FILTER(SPLIT($V$1, CHAR(10)), NOT(REGEXMATCH(SPLIT($V$1, CHAR(10)), ""\?|\\"")))), ROW()-ROW($T$1:$T$194))), """", INDEX(IFERROR(FILTER(SPLIT($V$1, CHAR(10)), NOT(REGEXMATCH(SPLIT($V$1, CHAR(10)), ""\?|\\"")))), ROW()-ROW($T$1:$T$"&"300)))"),"") | W69: =COUNTIF($V$2:$V$300,$V69) -> 263
B70: ?Lyla, Holographic Assistant | F70: Secret Salvage | J70: ?Qarsi Revenant | N70: ?Orcish Lumberjack | S70: =IF($T70="","",IFERROR(VLOOKUP($T70,$V$2:$W$300,2,FALSE),"")) | V70: =IFERROR(__xludf.DUMMYFUNCTION("IF(ISERROR(INDEX(IFERROR(FILTER(SPLIT($V$1, CHAR(10)), NOT(REGEXMATCH(SPLIT($V$1, CHAR(10)), ""\?|\\"")))), ROW()-ROW($T$1:$T$194))), """", INDEX(IFERROR(FILTER(SPLIT($V$1, CHAR(10)), NOT(REGEXMATCH(SPLIT($V$1, CHAR(10)), ""\?|\\"")))), ROW()-ROW($T$1:$T$"&"300)))"),"") | W70: =COUNTIF($V$2:$V$300,$V70) -> 263
B71: ?Thirst for Discovery | F71: Shadow-Rite Priest | J71: ?Surtr, Fiery Jotun | N71: \Conduit of Worlds | S71: =IF($T71="","",IFERROR(VLOOKUP($T71,$V$2:$W$300,2,FALSE),"")) | V71: =IFERROR(__xludf.DUMMYFUNCTION("IF(ISERROR(INDEX(IFERROR(FILTER(SPLIT($V$1, CHAR(10)), NOT(REGEXMATCH(SPLIT($V$1, CHAR(10)), ""\?|\\"")))), ROW()-ROW($T$1:$T$194))), """", INDEX(IFERROR(FILTER(SPLIT($V$1, CHAR(10)), NOT(REGEXMATCH(SPLIT($V$1, CHAR(10)), ""\?|\\"")))), ROW()-ROW($T$1:$T$"&"300)))"),"") | W71: =COUNTIF($V$2:$V$300,$V71) -> 263
B72: ?Quick Study | F72: Agent venom | J72: Adrenaline Jockey | N72: \Druid Class | S72: =IF($T72="","",IFERROR(VLOOKUP($T72,$V$2:$W$300,2,FALSE),"")) | V72: =IFERROR(__xludf.DUMMYFUNCTION("IF(ISERROR(INDEX(IFERROR(FILTER(SPLIT($V$1, CHAR(10)), NOT(REGEXMATCH(SPLIT($V$1, CHAR(10)), ""\?|\\"")))), ROW()-ROW($T$1:$T$194))), """", INDEX(IFERROR(FILTER(SPLIT($V$1, CHAR(10)), NOT(REGEXMATCH(SPLIT($V$1, CHAR(10)), ""\?|\\"")))), ROW()-ROW($T$1:$T$"&"300)))"),"") | W72: =COUNTIF($V$2:$V$300,$V72) -> 263
N73: \Nissa, Resurgent Animist | S73: =IF($T73="","",IFERROR(VLOOKUP($T73,$V$2:$W$300,2,FALSE),"")) | V73: =IFERROR(__xludf.DUMMYFUNCTION("IF(ISERROR(INDEX(IFERROR(FILTER(SPLIT($V$1, CHAR(10)), NOT(REGEXMATCH(SPLIT($V$1, CHAR(10)), ""\?|\\"")))), ROW()-ROW($T$1:$T$194))), """", INDEX(IFERROR(FILTER(SPLIT($V$1, CHAR(10)), NOT(REGEXMATCH(SPLIT($V$1, CHAR(10)), ""\?|\\"")))), ROW()-ROW($T$1:$T$"&"300)))"),"") | W73: =COUNTIF($V$2:$V$300,$V73) -> 263
N74: \Mina and Denn, Wildborn | P74: Spanish mina | S74: =IF($T74="","",IFERROR(VLOOKUP($T74,$V$2:$W$300,2,FALSE),"")) | V74: =IFERROR(__xludf.DUMMYFUNCTION("IF(ISERROR(INDEX(IFERROR(FILTER(SPLIT($V$1, CHAR(10)), NOT(REGEXMATCH(SPLIT($V$1, CHAR(10)), ""\?|\\"")))), ROW()-ROW($T$1:$T$194))), """", INDEX(IFERROR(FILTER(SPLIT($V$1, CHAR(10)), NOT(REGEXMATCH(SPLIT($V$1, CHAR(10)), ""\?|\\"")))), ROW()-ROW($T$1:$T$"&"300)))"),"") | W74: =COUNTIF($V$2:$V$300,$V74) -> 263
N75: \Pair o' Dice Lost | S75: =IF($T75="","",IFERROR(VLOOKUP($T75,$V$2:$W$300,2,FALSE),"")) | V75: =IFERROR(__xludf.DUMMYFUNCTION("IF(ISERROR(INDEX(IFERROR(FILTER(SPLIT($V$1, CHAR(10)), NOT(REGEXMATCH(SPLIT($V$1, CHAR(10)), ""\?|\\"")))), ROW()-ROW($T$1:$T$194))), """", INDEX(IFERROR(FILTER(SPLIT($V$1, CHAR(10)), NOT(REGEXMATCH(SPLIT($V$1, CHAR(10)), ""\?|\\"")))), ROW()-ROW($T$1:$T$"&"300)))"),"") | W75: =COUNTIF($V$2:$V$300,$V75) -> 263
N76: \Loamcrafter Faun | S76: =IF($T76="","",IFERROR(VLOOKUP($T76,$V$2:$W$300,2,FALSE),"")) | V76: =IFERROR(__xludf.DUMMYFUNCTION("IF(ISERROR(INDEX(IFERROR(FILTER(SPLIT($V$1, CHAR(10)), NOT(REGEXMATCH(SPLIT($V$1, CHAR(10)), ""\?|\\"")))), ROW()-ROW($T$1:$T$194))), """", INDEX(IFERROR(FILTER(SPLIT($V$1, CHAR(10)), NOT(REGEXMATCH(SPLIT($V$1, CHAR(10)), ""\?|\\"")))), ROW()-ROW($T$1:$T$"&"300)))"),"") | W76: =COUNTIF($V$2:$V$300,$V76) -> 263
N77: \Horizon of Progress | S77: =IF($T77="","",IFERROR(VLOOKUP($T77,$V$2:$W$300,2,FALSE),"")) | V77: =IFERROR(__xludf.DUMMYFUNCTION("IF(ISERROR(INDEX(IFERROR(FILTER(SPLIT($V$1, CHAR(10)), NOT(REGEXMATCH(SPLIT($V$1, CHAR(10)), ""\?|\\"")))), ROW()-ROW($T$1:$T$194))), """", INDEX(IFERROR(FILTER(SPLIT($V$1, CHAR(10)), NOT(REGEXMATCH(SPLIT($V$1, CHAR(10)), ""\?|\\"")))), ROW()-ROW($T$1:$T$"&"300)))"),"") | W77: =COUNTIF($V$2:$V$300,$V77) -> 263
N78: \Galadriel's Dismissal | S78: =IF($T78="","",IFERROR(VLOOKUP($T78,$V$2:$W$300,2,FALSE),"")) | V78: =IFERROR(__xludf.DUMMYFUNCTION("IF(ISERROR(INDEX(IFERROR(FILTER(SPLIT($V$1, CHAR(10)), NOT(REGEXMATCH(SPLIT($V$1, CHAR(10)), ""\?|\\"")))), ROW()-ROW($T$1:$T$194))), """", INDEX(IFERROR(FILTER(SPLIT($V$1, CHAR(10)), NOT(REGEXMATCH(SPLIT($V$1, CHAR(10)), ""\?|\\"")))), ROW()-ROW($T$1:$T$"&"300)))"),"") | W78: =COUNTIF($V$2:$V$300,$V78) -> 263
S79: =IF($T79="","",IFERROR(VLOOKUP($T79,$V$2:$W$300,2,FALSE),"")) | V79: =IFERROR(__xludf.DUMMYFUNCTION("IF(ISERROR(INDEX(IFERROR(FILTER(SPLIT($V$1, CHAR(10)), NOT(REGEXMATCH(SPLIT($V$1, CHAR(10)), ""\?|\\"")))), ROW()-ROW($T$1:$T$194))), """", INDEX(IFERROR(FILTER(SPLIT($V$1, CHAR(10)), NOT(REGEXMATCH(SPLIT($V$1, CHAR(10)), ""\?|\\"")))), ROW()-ROW($T$1:$T$"&"300)))"),"") | W79: =COUNTIF($V$2:$V$300,$V79) -> 263
S80: =IF($T80="","",IFERROR(VLOOKUP($T80,$V$2:$W$300,2,FALSE),"")) | V80: =IFERROR(__xludf.DUMMYFUNCTION("IF(ISERROR(INDEX(IFERROR(FILTER(SPLIT($V$1, CHAR(10)), NOT(REGEXMATCH(SPLIT($V$1, CHAR(10)), ""\?|\\"")))), ROW()-ROW($T$1:$T$194))), """", INDEX(IFERROR(FILTER(SPLIT($V$1, CHAR(10)), NOT(REGEXMATCH(SPLIT($V$1, CHAR(10)), ""\?|\\"")))), ROW()-ROW($T$1:$T$"&"300)))"),"") | W80: =COUNTIF($V$2:$V$300,$V80) -> 263
S81: =IF($T81="","",IFERROR(VLOOKUP($T81,$V$2:$W$300,2,FALSE),"")) | V81: =IFERROR(__xludf.DUMMYFUNCTION("IF(ISERROR(INDEX(IFERROR(FILTER(SPLIT($V$1, CHAR(10)), NOT(REGEXMATCH(SPLIT($V$1, CHAR(10)), ""\?|\\"")))), ROW()-ROW($T$1:$T$194))), """", INDEX(IFERROR(FILTER(SPLIT($V$1, CHAR(10)), NOT(REGEXMATCH(SPLIT($V$1, CHAR(10)), ""\?|\\"")))), ROW()-ROW($T$1:$T$"&"300)))"),"") | W81: =COUNTIF($V$2:$V$300,$V81) -> 263
S82: =IF($T82="","",IFERROR(VLOOKUP($T82,$V$2:$W$300,2,FALSE),"")) | V82: =IFERROR(__xludf.DUMMYFUNCTION("IF(ISERROR(INDEX(IFERROR(FILTER(SPLIT($V$1, CHAR(10)), NOT(REGEXMATCH(SPLIT($V$1, CHAR(10)), ""\?|\\"")))), ROW()-ROW($T$1:$T$194))), """", INDEX(IFERROR(FILTER(SPLIT($V$1, CHAR(10)), NOT(REGEXMATCH(SPLIT($V$1, CHAR(10)), ""\?|\\"")))), ROW()-ROW($T$1:$T$"&"300)))"),"") | W82: =COUNTIF($V$2:$V$300,$V82) -> 263
S83: =IF($T83="","",IFERROR(VLOOKUP($T83,$V$2:$W$300,2,FALSE),"")) | V83: =IFERROR(__xludf.DUMMYFUNCTION("IF(ISERROR(INDEX(IFERROR(FILTER(SPLIT($V$1, CHAR(10)), NOT(REGEXMATCH(SPLIT($V$1, CHAR(10)), ""\?|\\"")))), ROW()-ROW($T$1:$T$194))), """", INDEX(IFERROR(FILTER(SPLIT($V$1, CHAR(10)), NOT(REGEXMATCH(SPLIT($V$1, CHAR(10)), ""\?|\\"")))), ROW()-ROW($T$1:$T$"&"300)))"),"") | W83: =COUNTIF($V$2:$V$300,$V83) -> 263
S84: =IF($T84="","",IFERROR(VLOOKUP($T84,$V$2:$W$300,2,FALSE),"")) | V84: =IFERROR(__xludf.DUMMYFUNCTION("IF(ISERROR(INDEX(IFERROR(FILTER(SPLIT($V$1, CHAR(10)), NOT(REGEXMATCH(SPLIT($V$1, CHAR(10)), ""\?|\\"")))), ROW()-ROW($T$1:$T$194))), """", INDEX(IFERROR(FILTER(SPLIT($V$1, CHAR(10)), NOT(REGEXMATCH(SPLIT($V$1, CHAR(10)), ""\?|\\"")))), ROW()-ROW($T$1:$T$"&"300)))"),"") | W84: =COUNTIF($V$2:$V$300,$V84) -> 263
S85: =IF($T85="","",IFERROR(VLOOKUP($T85,$V$2:$W$300,2,FALSE),"")) | V85: =IFERROR(__xludf.DUMMYFUNCTION("IF(ISERROR(INDEX(IFERROR(FILTER(SPLIT($V$1, CHAR(10)), NOT(REGEXMATCH(SPLIT($V$1, CHAR(10)), ""\?|\\"")))), ROW()-ROW($T$1:$T$194))), """", INDEX(IFERROR(FILTER(SPLIT($V$1, CHAR(10)), NOT(REGEXMATCH(SPLIT($V$1, CHAR(10)), ""\?|\\"")))), ROW()-ROW($T$1:$T$"&"300)))"),"") | W85: =COUNTIF($V$2:$V$300,$V85) -> 263
S86: =IF($T86="","",IFERROR(VLOOKUP($T86,$V$2:$W$300,2,FALSE),"")) | V86: =IFERROR(__xludf.DUMMYFUNCTION("IF(ISERROR(INDEX(IFERROR(FILTER(SPLIT($V$1, CHAR(10)), NOT(REGEXMATCH(SPLIT($V$1, CHAR(10)), ""\?|\\"")))), ROW()-ROW($T$1:$T$194))), """", INDEX(IFERROR(FILTER(SPLIT($V$1, CHAR(10)), NOT(REGEXMATCH(SPLIT($V$1, CHAR(10)), ""\?|\\"")))), ROW()-ROW($T$1:$T$"&"300)))"),"") | W86: =COUNTIF($V$2:$V$300,$V86) -> 263
S87: =IF($T87="","",IFERROR(VLOOKUP($T87,$V$2:$W$300,2,FALSE),"")) | V87: =IFERROR(__xludf.DUMMYFUNCTION("IF(ISERROR(INDEX(IFERROR(FILTER(SPLIT($V$1, CHAR(10)), NOT(REGEXMATCH(SPLIT($V$1, CHAR(10)), ""\?|\\"")))), ROW()-ROW($T$1:$T$194))), """", INDEX(IFERROR(FILTER(SPLIT($V$1, CHAR(10)), NOT(REGEXMATCH(SPLIT($V$1, CHAR(10)), ""\?|\\"")))), ROW()-ROW($T$1:$T$"&"300)))"),"") | W87: =COUNTIF($V$2:$V$300,$V87) -> 263
J88: ?Star athlete | S88: =IF($T88="","",IFERROR(VLOOKUP($T88,$V$2:$W$300,2,FALSE),"")) | V88: =IFERROR(__xludf.DUMMYFUNCTION("IF(ISERROR(INDEX(IFERROR(FILTER(SPLIT($V$1, CHAR(10)), NOT(REGEXMATCH(SPLIT($V$1, CHAR(10)), ""\?|\\"")))), ROW()-ROW($T$1:$T$194))), """", INDEX(IFERROR(FILTER(SPLIT($V$1, CHAR(10)), NOT(REGEXMATCH(SPLIT($V$1, CHAR(10)), ""\?|\\"")))), ROW()-ROW($T$1:$T$"&"300)))"),"") | W88: =COUNTIF($V$2:$V$300,$V88) -> 263
J89: ?Ashling's Prerogative | S89: =IF($T89="","",IFERROR(VLOOKUP($T89,$V$2:$W$300,2,FALSE),"")) | V89: =IFERROR(__xludf.DUMMYFUNCTION("IF(ISERROR(INDEX(IFERROR(FILTER(SPLIT($V$1, CHAR(10)), NOT(REGEXMATCH(SPLIT($V$1, CHAR(10)), ""\?|\\"")))), ROW()-ROW($T$1:$T$194))), """", INDEX(IFERROR(FILTER(SPLIT($V$1, CHAR(10)), NOT(REGEXMATCH(SPLIT($V$1, CHAR(10)), ""\?|\\"")))), ROW()-ROW($T$1:$T$"&"300)))"),"") | W89: =COUNTIF($V$2:$V$300,$V89) -> 263
S90: =IF($T90="","",IFERROR(VLOOKUP($T90,$V$2:$W$300,2,FALSE),"")) | V90: =IFERROR(__xludf.DUMMYFUNCTION("IF(ISERROR(INDEX(IFERROR(FILTER(SPLIT($V$1, CHAR(10)), NOT(REGEXMATCH(SPLIT($V$1, CHAR(10)), ""\?|\\"")))), ROW()-ROW($T$1:$T$194))), """", INDEX(IFERROR(FILTER(SPLIT($V$1, CHAR(10)), NOT(REGEXMATCH(SPLIT($V$1, CHAR(10)), ""\?|\\"")))), ROW()-ROW($T$1:$T$"&"300)))"),"") | W90: =COUNTIF($V$2:$V$300,$V90) -> 263
B91: Oona, Queen of the Fae | F91: Sasaya, Orochi Ascendant | J91: Saskia the Unyielding | N91: Scion of the Ur-Dragon | S91: =IF($T91="","",IFERROR(VLOOKUP($T91,$V$2:$W$300,2,FALSE),"")) | V91: =IFERROR(__xludf.DUMMYFUNCTION("IF(ISERROR(INDEX(IFERROR(FILTER(SPLIT($V$1, CHAR(10)), NOT(REGEXMATCH(SPLIT($V$1, CHAR(10)), ""\?|\\"")))), ROW()-ROW($T$1:$T$194))), """", INDEX(IFERROR(FILTER(SPLIT($V$1, CHAR(10)), NOT(REGEXMATCH(SPLIT($V$1, CHAR(10)), ""\?|\\"")))), ROW()-ROW($T$1:$T$"&"300)))"),"") | W91: =COUNTIF($V$2:$V$300,$V91) -> 263
B92: In | D92: Out | F92: In | H92: Out | J92: In | L92: Out | N92: In | S92: =IF($T92="","",IFERROR(VLOOKUP($T92,$V$2:$W$300,2,FALSE),"")) | V92: =IFERROR(__xludf.DUMMYFUNCTION("IF(ISERROR(INDEX(IFERROR(FILTER(SPLIT($V$1, CHAR(10)), NOT(REGEXMATCH(SPLIT($V$1, CHAR(10)), ""\?|\\"")))), ROW()-ROW($T$1:$T$194))), """", INDEX(IFERROR(FILTER(SPLIT($V$1, CHAR(10)), NOT(REGEXMATCH(SPLIT($V$1, CHAR(10)), ""\?|\\"")))), ROW()-ROW($T$1:$T$"&"300)))"),"") | W92: =COUNTIF($V$2:$V$300,$V92) -> 263
B93: Shadow of the Second Sun | D93: Sphinx of the Second Sun {6} | F93: Horizon of Progress | J93: Winter, Misanthropic Guide | N93: Mox Jasper | S93: =IF($T93="","",IFERROR(VLOOKUP($T93,$V$2:$W$300,2,FALSE),"")) | V93: =IFERROR(__xludf.DUMMYFUNCTION("IF(ISERROR(INDEX(IFERROR(FILTER(SPLIT($V$1, CHAR(10)), NOT(REGEXMATCH(SPLIT($V$1, CHAR(10)), ""\?|\\"")))), ROW()-ROW($T$1:$T$194))), """", INDEX(IFERROR(FILTER(SPLIT($V$1, CHAR(10)), NOT(REGEXMATCH(SPLIT($V$1, CHAR(10)), ""\?|\\"")))), ROW()-ROW($T$1:$T$"&"300)))"),"") | W93: =COUNTIF($V$2:$V$300,$V93) -> 263
J94: \\Torpor orb | N94: Frost cliff siege | S94: =IF($T94="","",IFERROR(VLOOKUP($T94,$V$2:$W$300,2,FALSE),"")) | V94: =IFERROR(__xludf.DUMMYFUNCTION("IF(ISERROR(INDEX(IFERROR(FILTER(SPLIT($V$1, CHAR(10)), NOT(REGEXMATCH(SPLIT($V$1, CHAR(10)), ""\?|\\"")))), ROW()-ROW($T$1:$T$194))), """", INDEX(IFERROR(FILTER(SPLIT($V$1, CHAR(10)), NOT(REGEXMATCH(SPLIT($V$1, CHAR(10)), ""\?|\\"")))), ROW()-ROW($T$1:$T$"&"300)))"),"") | W94: =COUNTIF($V$2:$V$300,$V94) -> 263
S95: =IF($T95="","",IFERROR(VLOOKUP($T95,$V$2:$W$300,2,FALSE),"")) | V95: =IFERROR(__xludf.DUMMYFUNCTION("IF(ISERROR(INDEX(IFERROR(FILTER(SPLIT($V$1, CHAR(10)), NOT(REGEXMATCH(SPLIT($V$1, CHAR(10)), ""\?|\\"")))), ROW()-ROW($T$1:$T$194))), """", INDEX(IFERROR(FILTER(SPLIT($V$1, CHAR(10)), NOT(REGEXMATCH(SPLIT($V$1, CHAR(10)), ""\?|\\"")))), ROW()-ROW($T$1:$T$"&"300)))"),"") | W95: =COUNTIF($V$2:$V$300,$V95) -> 263
S96: =IF($T96="","",IFERROR(VLOOKUP($T96,$V$2:$W$300,2,FALSE),"")) | V96: =IFERROR(__xludf.DUMMYFUNCTION("IF(ISERROR(INDEX(IFERROR(FILTER(SPLIT($V$1, CHAR(10)), NOT(REGEXMATCH(SPLIT($V$1, CHAR(10)), ""\?|\\"")))), ROW()-ROW($T$1:$T$194))), """", INDEX(IFERROR(FILTER(SPLIT($V$1, CHAR(10)), NOT(REGEXMATCH(SPLIT($V$1, CHAR(10)), ""\?|\\"")))), ROW()-ROW($T$1:$T$"&"300)))"),"") | W96: =COUNTIF($V$2:$V$300,$V96) -> 263
S97: =IF($T97="","",IFERROR(VLOOKUP($T97,$V$2:$W$300,2,FALSE),"")) | V97: =IFERROR(__xludf.DUMMYFUNCTION("IF(ISERROR(INDEX(IFERROR(FILTER(SPLIT($V$1, CHAR(10)), NOT(REGEXMATCH(SPLIT($V$1, CHAR(10)), ""\?|\\"")))), ROW()-ROW($T$1:$T$194))), """", INDEX(IFERROR(FILTER(SPLIT($V$1, CHAR(10)), NOT(REGEXMATCH(SPLIT($V$1, CHAR(10)), ""\?|\\"")))), ROW()-ROW($T$1:$T$"&"300)))"),"") | W97: =COUNTIF($V$2:$V$300,$V97) -> 263
S98: =IF($T98="","",IFERROR(VLOOKUP($T98,$V$2:$W$300,2,FALSE),"")) | V98: =IFERROR(__xludf.DUMMYFUNCTION("IF(ISERROR(INDEX(IFERROR(FILTER(SPLIT($V$1, CHAR(10)), NOT(REGEXMATCH(SPLIT($V$1, CHAR(10)), ""\?|\\"")))), ROW()-ROW($T$1:$T$194))), """", INDEX(IFERROR(FILTER(SPLIT($V$1, CHAR(10)), NOT(REGEXMATCH(SPLIT($V$1, CHAR(10)), ""\?|\\"")))), ROW()-ROW($T$1:$T$"&"300)))"),"") | W98: =COUNTIF($V$2:$V$300,$V98) -> 263
S99: =IF($T99="","",IFERROR(VLOOKUP($T99,$V$2:$W$300,2,FALSE),"")) | V99: =IFERROR(__xludf.DUMMYFUNCTION("IF(ISERROR(INDEX(IFERROR(FILTER(SPLIT($V$1, CHAR(10)), NOT(REGEXMATCH(SPLIT($V$1, CHAR(10)), ""\?|\\"")))), ROW()-ROW($T$1:$T$194))), """", INDEX(IFERROR(FILTER(SPLIT($V$1, CHAR(10)), NOT(REGEXMATCH(SPLIT($V$1, CHAR(10)), ""\?|\\"")))), ROW()-ROW($T$1:$T$"&"300)))"),"") | W99: =COUNTIF($V$2:$V$300,$V99) -> 263
S100: =IF($T100="","",IFERROR(VLOOKUP($T100,$V$2:$W$300,2,FALSE),"")) | V100: =IFERROR(__xludf.DUMMYFUNCTION("IF(ISERROR(INDEX(IFERROR(FILTER(SPLIT($V$1, CHAR(10)), NOT(REGEXMATCH(SPLIT($V$1, CHAR(10)), ""\?|\\"")))), ROW()-ROW($T$1:$T$194))), """", INDEX(IFERROR(FILTER(SPLIT($V$1, CHAR(10)), NOT(REGEXMATCH(SPLIT($V$1, CHAR(10)), ""\?|\\"")))), ROW()-ROW($T$1:$T$"&"300)))"),"") | W100: =COUNTIF($V$2:$V$300,$V100) -> 263
...

Sheet Score
D2: >> Sort Most Played << | F2: >> Sort Wins. << | N2: >> Sort Last << | S2: Most | W2: Average game per deck | X2: =TotalGames/NumberOfDecks -> 28.541667
B3: =COUNTA($D$6:$D$37) -> 24 | D3: Decks Totals: | F3: =SUM(F6:F36) -> 299 | H3: =SUM(H6:H37) -> 386 | J3: =if(L3=0,"",F3/L3) -> 0.43649635 | L3: =SUM(L6:L37) -> 685 | N3: Last Changed
B5: Nr | D5: Deck Name | F5: Win | H5: Loss | J5: W-Rate | L5: Total | N5: Date | P5: Last | S5: P-Evaluation | W5: Settings | AF5: Last
B6: =B7-1 -> 1 | D6: Obosh, the Preypiercer | F6: 20 | H6: 33 | J6: =if(L6=0,"",F6/L6) -> 0.37735849 | L6: =IF(F6="","",(F6+H6)) -> 53 | N6: 46156.647 | P6: Win | S6: =IF(OR($L6="",$L6=0),"",IF($L6<Threshold,"Threshold",IF($J6<(LossRate/100),"Just Right",IF($J6>($X$6/100),"Too Strong","Strong")))) -> Strong | W6: Max Win rate | X6: 45 | AF6: Most
B7: =B8-1 -> 2 | D7: Marchesa, the Black Rose | F7: 17 | H7: 31 | J7: =if(L7=0,"",F7/L7) -> 0.35416667 | L7: =IF(F7="","",(F7+H7)) -> 48 | N7: 46166.906 | P7: Win | S7: =IF(OR($L7="",$L7=0),"",IF($L7<Threshold,"Threshold",IF($J7<(LossRate/100),"Just Right",IF($J7>($X$6/100),"Too Strong","Strong")))) -> Just Right | W7: Strong Win Rate | X7: 36 | AF7: Wins
B8: =B9-1 -> 3 | D8: Breya, Etherium Shaper | F8: 16 | H8: 26 | J8: =if(L8=0,"",F8/L8) -> 0.38095238 | L8: =IF(F8="","",(F8+H8)) -> 42 | N8: 46156.463 | P8: Loss | S8: =IF(OR($L8="",$L8=0),"",IF($L8<Threshold,"Threshold",IF($J8<(LossRate/100),"Just Right",IF($J8>($X$6/100),"Too Strong","Strong")))) -> Strong | W8: Treshold | X8: 8 | Z8: Select a deck for the graph | AA8: Entries
B9: =B10-1 -> 4 | D9: Tariel, Reckoner of Souls | F9: 15 | H9: 25 | J9: =if(L9=0,"",F9/L9) -> 0.375 | L9: =IF(F9="","",(F9+H9)) -> 40 | N9: 46156.56 | P9: Loss | S9: =IF(OR($L9="",$L9=0),"",IF($L9<Threshold,"Threshold",IF($J9<(LossRate/100),"Just Right",IF($J9>($X$6/100),"Too Strong","Strong")))) -> Strong | W9: Fall behind | X9: 1.5 | Z9: All | AA9: =max(History!K2:K971)+max(History!L2:L971) -> 704
B10: =B11-1 -> 5 | D10: Saskia the Unyielding | F10: 13 | H10: 27 | J10: =if(L10=0,"",F10/L10) -> 0.325 | L10: =IF(F10="","",(F10+H10)) -> 40 | N10: 46118.787 | P10: Loss | S10: =IF(OR($L10="",$L10=0),"",IF($L10<Threshold,"Threshold",IF($J10<(LossRate/100),"Just Right",IF($J10>($X$6/100),"Too Strong","Strong")))) -> Just Right
B11: =B12-1 -> 6 | D11: Ikra // Tymna | F11: 15 | H11: 22 | J11: =IF(L11="","",F11/L11) -> 0.40540541 | L11: =IF(F11="","",(F11+H11)) -> 37 | N11: 46156.61 | P11: Loss | S11: =IF(OR($L11="",$L11=0),"",IF($L11<Threshold,"Threshold",IF($J11<(LossRate/100),"Just Right",IF($J11>($X$6/100),"Too Strong","Strong")))) -> Strong
B12: =B13-1 -> 7 | D12: Derevi, Empyrial Tactician | F12: 13 | H12: 22 | J12: =if(L12=0,"",F12/L12) -> 0.37142857 | L12: =IF(F12="","",(F12+H12)) -> 35 | N12: 46061.637 | P12: Loss | S12: =IF(OR($L12="",$L12=0),"",IF($L12<Threshold,"Threshold",IF($J12<(LossRate/100),"Just Right",IF($J12>($X$6/100),"Too Strong","Strong")))) -> Strong
B13: =B14-1 -> 8 | D13: Kykar, Wind's Fury | F13: 17 | H13: 15 | J13: =if(L13=0,"",F13/L13) -> 0.53125 | L13: =IF(F13="","",(F13+H13)) -> 32 | N13: 46061.731 | P13: Loss | S13: =IF(OR($L13="",$L13=0),"",IF($L13<Threshold,"Threshold",IF($J13<(LossRate/100),"Just Right",IF($J13>($X$6/100),"Too Strong","Strong")))) -> Too Strong
B14: =B15-1 -> 9 | D14: Feather, the Redeemed | F14: 15 | H14: 17 | J14: =if(L14=0,"",F14/L14) -> 0.46875 | L14: =IF(F14="","",(F14+H14)) -> 32 | N14: 46061.682 | P14: Loss | S14: =IF(OR($L14="",$L14=0),"",IF($L14<Threshold,"Threshold",IF($J14<(LossRate/100),"Just Right",IF($J14>($X$6/100),"Too Strong","Strong")))) -> Too Strong
B15: =B16-1 -> 10 | D15: Taigam, Ojutai Master | F15: 10 | H15: 20 | J15: =if(L15=0,"",F15/L15) -> 0.33333333 | L15: =IF(F15="","",(F15+H15)) -> 30 | N15: 46156.808 | P15: Win | S15: =IF(OR($L15="",$L15=0),"",IF($L15<Threshold,"Threshold",IF($J15<(LossRate/100),"Just Right",IF($J15>($X$6/100),"Too Strong","Strong")))) -> Just Right
B16: =B17-1 -> 11 | D16: Illuna / Ghidorah | F16: 7 | H16: 20 | J16: =if(L16=0,"",F16/L16) -> 0.25925926 | L16: =IF(F16="","",(F16+H16)) -> 27 | N16: 46033.531 | P16: Loss | S16: =IF(OR($L16="",$L16=0),"",IF($L16<Threshold,"Threshold",IF($J16<(LossRate/100),"Just Right",IF($J16>($X$6/100),"Too Strong","Strong")))) -> Just Right
B17: =B18-1 -> 12 | D17: Minn, Wily Illusionist | F17: 16 | H17: 11 | J17: =if(L17=0,"",F17/L17) -> 0.59259259 | L17: =IF(F17="","",(F17+H17)) -> 27 | N17: 46004.874 | P17: Win | S17: =IF(OR($L17="",$L17=0),"",IF($L17<Threshold,"Threshold",IF($J17<(LossRate/100),"Just Right",IF($J17>($X$6/100),"Too Strong","Strong")))) -> Too Strong
B18: =B19-1 -> 13 | D18: Scion, The Ur Dragon | F18: 12 | H18: 15 | J18: =if(L18=0,"",F18/L18) -> 0.44444444 | L18: =IF(F18="","",(F18+H18)) -> 27 | N18: 45920.56 | P18: Win | S18: =IF(OR($L18="",$L18=0),"",IF($L18<Threshold,"Threshold",IF($J18<(LossRate/100),"Just Right",IF($J18>($X$6/100),"Too Strong","Strong")))) -> Strong
B19: =B20-1 -> 14 | D19: Wort, The raid Mother | F19: 12 | H19: 14 | J19: =if(L19=0,"",F19/L19) -> 0.46153846 | L19: =IF(F19="","",(F19+H19)) -> 26 | N19: 46156.498 | P19: Win | S19: =IF(OR($L19="",$L19=0),"",IF($L19<Threshold,"Threshold",IF($J19<(LossRate/100),"Just Right",IF($J19>($X$6/100),"Too Strong","Strong")))) -> Too Strong
B20: =B21-1 -> 15 | D20: Teysa, Orzhov Scion | F20: 18 | H20: 6 | J20: =if(L20=0,"",F20/L20) -> 0.75 | L20: =IF(F20="","",(F20+H20)) -> 24 | N20: 46061.637 | P20: Win | S20: =IF(OR($L20="",$L20=0),"",IF($L20<Threshold,"Threshold",IF($J20<(LossRate/100),"Just Right",IF($J20>($X$6/100),"Too Strong","Strong")))) -> Too Strong
B21: =B22-1 -> 16 | D21: Sram, Senior Edificer | F21: 15 | H21: 9 | J21: =if(L21=0,"",F21/L21) -> 0.625 | L21: =IF(F21="","",(F21+H21)) -> 24 | N21: 45934.826 | P21: Win | S21: =IF(OR($L21="",$L21=0),"",IF($L21<Threshold,"Threshold",IF($J21<(LossRate/100),"Just Right",IF($J21>($X$6/100),"Too Strong","Strong")))) -> Too Strong
B22: =B23-1 -> 17 | D22: Oona, Queen of Fae | F22: 13 | H22: 11 | J22: =if(L22=0,"",F22/L22) -> 0.54166667 | L22: =IF(F22="","",(F22+H22)) -> 24 | N22: 46156.808 | P22: Win | S22: =IF(OR($L22="",$L22=0),"",IF($L22<Threshold,"Threshold",IF($J22<(LossRate/100),"Just Right",IF($J22>($X$6/100),"Too Strong","Strong")))) -> Too Strong
B23: =B24-1 -> 18 | D23: Damia, Sage of Stone | F23: 8 | H23: 15 | J23: =if(L23=0,"",F23/L23) -> 0.34782609 | L23: =IF(F23="","",(F23+H23)) -> 23 | N23: 46116.778 | P23: Loss | S23: =IF(OR($L23="",$L23=0),"",IF($L23<Threshold,"Threshold",IF($J23<(LossRate/100),"Just Right",IF($J23>($X$6/100),"Too Strong","Strong")))) -> Just Right
... B28: =B29-1 -> 23 | D28: Jetmir, Nexus of Revels | F28: 9 | H28: 7 | J28: =if(L28=0,"",F28/L28) -> 0.5625 | L28: =IF(F28="","",(F28+H28)) -> 16 | N28: 45934.555 | P28: Win | S28: =IF(OR($L28="",$L28=0),"",IF($L28<Threshold,"Threshold",IF($J28<(LossRate/100),"Just Right",IF($J28>($X$6/100),"Too Strong","Strong")))) -> Too Strong
B29: =B30-1 -> 24 | D29: Calix, Guided by Fate | F29: 1 | G29: 0 | H29: 0 | J29: =if(L29=0,"",F29/L29) -> 1 | L29: =IF(F29="","",(F29+H29)) -> 1 | N29: 46166.787 | P29: Win | S29: =IF(OR($L29="",$L29=0),"",IF($L29<Threshold,"Threshold",IF($J29<(LossRate/100),"Just Right",IF($J29>($X$6/100),"Too Strong","Strong")))) -> Threshold
B30: =B31-1 -> 25 | S30: =IF(OR($L30="",$L30=0),"",IF($L30<Threshold,"Threshold",IF($J30<(LossRate/100),"Just Right",IF($J30>($X$6/100),"Too Strong","Strong"))))
B31: =B32-1 -> 26 | S31: =IF(OR($L31="",$L31=0),"",IF($L31<Threshold,"Threshold",IF($J31<(LossRate/100),"Just Right",IF($J31>($X$6/100),"Too Strong","Strong"))))
B32: =B33-1 -> 27 | S32: =IF(OR($L32="",$L32=0),"",IF($L32<Threshold,"Threshold",IF($J32<(LossRate/100),"Just Right",IF($J32>($X$6/100),"Too Strong","Strong"))))
B33: =B34-1 -> 28 | S33: =IF(OR($L33="",$L33=0),"",IF($L33<Threshold,"Threshold",IF($J33<(LossRate/100),"Just Right",IF($J33>($X$6/100),"Too Strong","Strong")))) | AB33: =Score!D33
B34: =B35-1 -> 29 | S34: =IF(OR($L34="",$L34=0),"",IF($L34<Threshold,"Threshold",IF($J34<(LossRate/100),"Just Right",IF($J34>($X$6/100),"Too Strong","Strong")))) | AB34: =Score!D34
B35: =B36-1 -> 30 | S35: =IF(OR($L35="",$L35=0),"",IF($L35<Threshold,"Threshold",IF($J35<(LossRate/100),"Just Right",IF($J35>($X$6/100),"Too Strong","Strong")))) | AB35: =Score!D35
B36: =B37-1 -> 31 | S36: =IF(OR($L36="",$L36=0),"",IF($L36<Threshold,"Threshold",IF($J36<(LossRate/100),"Just Right",IF($J36>($X$6/100),"Too Strong","Strong")))) | AB36: =Score!D36
B37: =B38-1 -> 32 | S37: =IF(OR($L37="",$L37=0),"",IF($L37<Threshold,"Threshold",IF($J37<(LossRate/100),"Just Right",IF($J37>($X$6/100),"Too Strong","Strong")))) | AB37: =Score!D37
B38: 33 | D38: All | AB38: All
D41: Retired decks
D42: Gahiji | F42: 7 | H42: 11 | J42: =IF(($F42+$H42)=0,"",($F42/($F42+$H42))) -> 0.38888889 | L42: =IF($F42+$H42>0,$F42+$H42,"") -> 18 | S42: =IF(OR($L42="",$L42=0),"",IF($L42<Threshold,"Threshold",IF($J42<(LossRate/100),"Just Right",IF($J42>($X$6/100),"Too Strong","Strong")))) -> Strong
D43: Traximundar | F43: ?? | H43: ?? | J43: ?? | L43: ?? | S43: ??
D44: Sythis, Harvest's Hand | F44: 15 | H44: 7 | J44: =if(L44=0,"",F44/L44) -> 0.68181818 | L44: =IF(F44="","",(F44+H44)) -> 22 | N44: 46116.537 | P44: Loss | S44: =IF(OR($L44="",$L44=0),"",IF($L44<Threshold,"Threshold",IF($J44<(LossRate/100),"Just Right",IF($J44>($X$6/100),"Too Strong","Strong")))) -> Too Strong

Sheet Set Fetcher
A1: Instructions: | G1: Look up legend. https://en.wikipedia.org/wiki/List_of_Magic:_The_Gathering_sets | M1: You can copy paste the set information from scryfall or from chatgpt4 and the text will convert properly
A2: Copy the final want list into ManaMaza. Paste the list in Collumn A. Get a set name for each so you can sort it on sets, it culls acces data as well.
A3: Input | B3: Count | C3: Card Name | D3: Set Name | E3: Set Code | G3: Input any missing set by copying it from Scryfall. For example: Commander Collection: Green (CC1)
A4: 1 Brotherhood Regalia (ACR) 71 | B4: =if(A4="","", LEFT(A4, FIND(" ", A4)-1)) -> 1 | C4: =if(A4="","",TRIM(MID(A4, FIND(" ", A4)+1, FIND("(", A4)-FIND(" ", A4)-2))) -> Brotherhood Regalia | D4: =if(A4="","",VLOOKUP(E4, $J:$K, 2, FALSE)) -> Adventures in the Forgotten Realms | E4: =if(A4="","",SUBSTITUTE(SUBSTITUTE(MID(A4, FIND("(", A4), FIND(")", A4) - FIND("(", A4) + 1), "(" , ""), ")" , "")) -> ACR | G4: 9ED = Ninth Edition | J4: =if(M4="","", LEFT(M4, FIND(" = ", M4)-1)) -> 9ED | K4: =if(M4="","", TRIM(MID(M4, FIND("= ", M4) + 2, LEN(M4)))) -> Ninth Edition | M4: =if(G4="","",IF(ISNUMBER(SEARCH("=", G4)), G4, TRIM(MID(G4, FIND("(" , G4) + 1, FIND(")", G4) - FIND("(" , G4) - 1)) & " = " & TRIM(LEFT(G4, FIND("(" , G4) - 1)))) -> 9ED = Ninth Edition
A5: 3 Desynchronization (ACR) 16 | B5: =if(A5="","", LEFT(A5, FIND(" ", A5)-1)) -> 3 | C5: =if(A5="","",TRIM(MID(A5, FIND(" ", A5)+1, FIND("(", A5)-FIND(" ", A5)-2))) -> Desynchronization | D5: =if(A5="","",VLOOKUP(E5, $J:$K, 2, FALSE)) -> Adventures in the Forgotten Realms | E5: =if(A5="","",SUBSTITUTE(SUBSTITUTE(MID(A5, FIND("(", A5), FIND(")", A5) - FIND("(", A5) + 1), "(" , ""), ")" , "")) -> ACR | G5: ACR = Adventures in the Forgotten Realms | J5: =if(M5="","", LEFT(M5, FIND(" = ", M5)-1)) -> ACR | K5: =if(M5="","", TRIM(MID(M5, FIND("= ", M5) + 2, LEN(M5)))) -> Adventures in the Forgotten Realms | M5: =if(G5="","",IF(ISNUMBER(SEARCH("=", G5)), G5, TRIM(MID(G5, FIND("(" , G5) + 1, FIND(")", G5) - FIND("(" , G5) - 1)) & " = " & TRIM(LEFT(G5, FIND("(" , G5) - 1)))) -> ACR = Adventures in the Forgotten Realms
A6: 1 Eagle Vision (ACR) 17 | B6: =if(A6="","", LEFT(A6, FIND(" ", A6)-1)) -> 1 | C6: =if(A6="","",TRIM(MID(A6, FIND(" ", A6)+1, FIND("(", A6)-FIND(" ", A6)-2))) -> Eagle Vision | D6: =if(A6="","",VLOOKUP(E6, $J:$K, 2, FALSE)) -> Adventures in the Forgotten Realms | E6: =if(A6="","",SUBSTITUTE(SUBSTITUTE(MID(A6, FIND("(", A6), FIND(")", A6) - FIND("(", A6) + 1), "(" , ""), ")" , "")) -> ACR | G6: AER = Aether Revolt | J6: =if(M6="","", LEFT(M6, FIND(" = ", M6)-1)) -> AER | K6: =if(M6="","", TRIM(MID(M6, FIND("= ", M6) + 2, LEN(M6)))) -> Aether Revolt | M6: =if(G6="","",IF(ISNUMBER(SEARCH("=", G6)), G6, TRIM(MID(G6, FIND("(" , G6) + 1, FIND(")", G6) - FIND("(" , G6) - 1)) & " = " & TRIM(LEFT(G6, FIND("(" , G6) - 1)))) -> AER = Aether Revolt
A7: 1 Haystack (ACR) 5 | B7: =if(A7="","", LEFT(A7, FIND(" ", A7)-1)) -> 1 | C7: =if(A7="","",TRIM(MID(A7, FIND(" ", A7)+1, FIND("(", A7)-FIND(" ", A7)-2))) -> Haystack | D7: =if(A7="","",VLOOKUP(E7, $J:$K, 2, FALSE)) -> Adventures in the Forgotten Realms | E7: =if(A7="","",SUBSTITUTE(SUBSTITUTE(MID(A7, FIND("(", A7), FIND(")", A7) - FIND("(", A7) + 1), "(" , ""), ")" , "")) -> ACR | G7: AKH = Amonkhet | J7: =if(M7="","", LEFT(M7, FIND(" = ", M7)-1)) -> AKH | K7: =if(M7="","", TRIM(MID(M7, FIND("= ", M7) + 2, LEN(M7)))) -> Amonkhet | M7: =if(G7="","",IF(ISNUMBER(SEARCH("=", G7)), G7, TRIM(MID(G7, FIND("(" , G7) + 1, FIND(")", G7) - FIND("(" , G7) - 1)) & " = " & TRIM(LEFT(G7, FIND("(" , G7) - 1)))) -> AKH = Amonkhet
A8: 1 Felidar Guardian (AER) 19 | B8: =if(A8="","", LEFT(A8, FIND(" ", A8)-1)) -> 1 | C8: =if(A8="","",TRIM(MID(A8, FIND(" ", A8)+1, FIND("(", A8)-FIND(" ", A8)-2))) -> Felidar Guardian | D8: =if(A8="","",VLOOKUP(E8, $J:$K, 2, FALSE)) -> Aether Revolt | E8: =if(A8="","",SUBSTITUTE(SUBSTITUTE(MID(A8, FIND("(", A8), FIND(")", A8) - FIND("(", A8) + 1), "(" , ""), ")" , "")) -> AER | G8: ATH = Anthologies | J8: =if(M8="","", LEFT(M8, FIND(" = ", M8)-1)) -> ATH | K8: =if(M8="","", TRIM(MID(M8, FIND("= ", M8) + 2, LEN(M8)))) -> Anthologies | M8: =if(G8="","",IF(ISNUMBER(SEARCH("=", G8)), G8, TRIM(MID(G8, FIND("(" , G8) + 1, FIND(")", G8) - FIND("(" , G8) - 1)) & " = " & TRIM(LEFT(G8, FIND("(" , G8) - 1)))) -> ATH = Anthologies
A9: 3 Strip Mine (ATH) 77 | B9: =if(A9="","", LEFT(A9, FIND(" ", A9)-1)) -> 3 | C9: =if(A9="","",TRIM(MID(A9, FIND(" ", A9)+1, FIND("(", A9)-FIND(" ", A9)-2))) -> Strip Mine | D9: =if(A9="","",VLOOKUP(E9, $J:$K, 2, FALSE)) -> Anthologies | E9: =if(A9="","",SUBSTITUTE(SUBSTITUTE(MID(A9, FIND("(", A9), FIND(")", A9) - FIND("(", A9) + 1), "(" , ""), ")" , "")) -> ATH | G9: BFZ = Battle for Zendikar | J9: =if(M9="","", LEFT(M9, FIND(" = ", M9)-1)) -> BFZ | K9: =if(M9="","", TRIM(MID(M9, FIND("= ", M9) + 2, LEN(M9)))) -> Battle for Zendikar | M9: =if(G9="","",IF(ISNUMBER(SEARCH("=", G9)), G9, TRIM(MID(G9, FIND("(" , G9) + 1, FIND(")", G9) - FIND("(" , G9) - 1)) & " = " & TRIM(LEFT(G9, FIND("(" , G9) - 1)))) -> BFZ = Battle for Zendikar
A10: 2 Agate Instigator (BLC) 21 | B10: =if(A10="","", LEFT(A10, FIND(" ", A10)-1)) -> 2 | C10: =if(A10="","",TRIM(MID(A10, FIND(" ", A10)+1, FIND("(", A10)-FIND(" ", A10)-2))) -> Agate Instigator | D10: =if(A10="","",VLOOKUP(E10, $J:$K, 2, FALSE)) -> Battle for Zendikar | E10: =if(A10="","",SUBSTITUTE(SUBSTITUTE(MID(A10, FIND("(", A10), FIND(")", A10) - FIND("(", A10) + 1), "(" , ""), ")" , "")) -> BLC | G10: BIG = The Big Score | J10: =if(M10="","", LEFT(M10, FIND(" = ", M10)-1)) -> BIG | K10: =if(M10="","", TRIM(MID(M10, FIND("= ", M10) + 2, LEN(M10)))) -> The Big Score | M10: =if(G10="","",IF(ISNUMBER(SEARCH("=", G10)), G10, TRIM(MID(G10, FIND("(" , G10) + 1, FIND(")", G10) - FIND("(" , G10) - 1)) & " = " & TRIM(LEFT(G10, FIND("(" , G10) - 1)))) -> BIG = The Big Score
A11: 1 Jacked Rabbit (BLC) 9 | B11: =if(A11="","", LEFT(A11, FIND(" ", A11)-1)) -> 1 | C11: =if(A11="","",TRIM(MID(A11, FIND(" ", A11)+1, FIND("(", A11)-FIND(" ", A11)-2))) -> Jacked Rabbit | D11: =if(A11="","",VLOOKUP(E11, $J:$K, 2, FALSE)) -> Battle for Zendikar | E11: =if(A11="","",SUBSTITUTE(SUBSTITUTE(MID(A11, FIND("(", A11), FIND(")", A11) - FIND("(", A11) + 1), "(" , ""), ")" , "")) -> BLC | G11: BLB = Battlebond | J11: =if(M11="","", LEFT(M11, FIND(" = ", M11)-1)) -> BLB | K11: =if(M11="","", TRIM(MID(M11, FIND("= ", M11) + 2, LEN(M11)))) -> Battlebond | M11: =if(G11="","",IF(ISNUMBER(SEARCH("=", G11)), G11, TRIM(MID(G11, FIND("(" , G11) + 1, FIND(")", G11) - FIND("(" , G11) - 1)) & " = " & TRIM(LEFT(G11, FIND("(" , G11) - 1)))) -> BLB = Battlebond
A12: 1 Pollywog Prodigy (BLC) 15 | B12: =if(A12="","", LEFT(A12, FIND(" ", A12)-1)) -> 1 | C12: =if(A12="","",TRIM(MID(A12, FIND(" ", A12)+1, FIND("(", A12)-FIND(" ", A12)-2))) -> Pollywog Prodigy | D12: =if(A12="","",VLOOKUP(E12, $J:$K, 2, FALSE)) -> Battle for Zendikar | E12: =if(A12="","",SUBSTITUTE(SUBSTITUTE(MID(A12, FIND("(", A12), FIND(")", A12) - FIND("(", A12) + 1), "(" , ""), ")" , "")) -> BLC | G12: BLC = Battle for Zendikar | J12: =if(M12="","", LEFT(M12, FIND(" = ", M12)-1)) -> BLC | K12: =if(M12="","", TRIM(MID(M12, FIND("= ", M12) + 2, LEN(M12)))) -> Battle for Zendikar | M12: =if(G12="","",IF(ISNUMBER(SEARCH("=", G12)), G12, TRIM(MID(G12, FIND("(" , G12) + 1, FIND(")", G12) - FIND("(" , G12) - 1)) & " = " & TRIM(LEFT(G12, FIND("(" , G12) - 1)))) -> BLC = Battle for Zendikar
A13: 1 Skyclave Apparition (BLC) 154 | B13: =if(A13="","", LEFT(A13, FIND(" ", A13)-1)) -> 1 | C13: =if(A13="","",TRIM(MID(A13, FIND(" ", A13)+1, FIND("(", A13)-FIND(" ", A13)-2))) -> Skyclave Apparition | D13: =if(A13="","",VLOOKUP(E13, $J:$K, 2, FALSE)) -> Battle for Zendikar | E13: =if(A13="","",SUBSTITUTE(SUBSTITUTE(MID(A13, FIND("(", A13), FIND(")", A13) - FIND("(", A13) + 1), "(" , ""), ")" , "")) -> BLC | G13: C19 = Commander 2019 | J13: =if(M13="","", LEFT(M13, FIND(" = ", M13)-1)) -> C19 | K13: =if(M13="","", TRIM(MID(M13, FIND("= ", M13) + 2, LEN(M13)))) -> Commander 2019 | M13: =if(G13="","",IF(ISNUMBER(SEARCH("=", G13)), G13, TRIM(MID(G13, FIND("(" , G13) + 1, FIND(")", G13) - FIND("(" , G13) - 1)) & " = " & TRIM(LEFT(G13, FIND("(" , G13) - 1)))) -> C19 = Commander 2019
A14: 1 Beza, the Bounding Spring (BLB) 2 | B14: =if(A14="","", LEFT(A14, FIND(" ", A14)-1)) -> 1 | C14: =if(A14="","",TRIM(MID(A14, FIND(" ", A14)+1, FIND("(", A14)-FIND(" ", A14)-2))) -> Beza, the Bounding Spring | D14: =if(A14="","",VLOOKUP(E14, $J:$K, 2, FALSE)) -> Battlebond | E14: =if(A14="","",SUBSTITUTE(SUBSTITUTE(MID(A14, FIND("(", A14), FIND(")", A14) - FIND("(", A14) + 1), "(" , ""), ")" , "")) -> BLB | G14: C20 = Commander 2020 | J14: =if(M14="","", LEFT(M14, FIND(" = ", M14)-1)) -> C20 | K14: =if(M14="","", TRIM(MID(M14, FIND("= ", M14) + 2, LEN(M14)))) -> Commander 2020 | M14: =if(G14="","",IF(ISNUMBER(SEARCH("=", G14)), G14, TRIM(MID(G14, FIND("(" , G14) + 1, FIND(")", G14) - FIND("(" , G14) - 1)) & " = " & TRIM(LEFT(G14, FIND("(" , G14) - 1)))) -> C20 = Commander 2020
A15: 1 Coruscation Mage (BLB) 131 | B15: =if(A15="","", LEFT(A15, FIND(" ", A15)-1)) -> 1 | C15: =if(A15="","",TRIM(MID(A15, FIND(" ", A15)+1, FIND("(", A15)-FIND(" ", A15)-2))) -> Coruscation Mage | D15: =if(A15="","",VLOOKUP(E15, $J:$K, 2, FALSE)) -> Battlebond | E15: =if(A15="","",SUBSTITUTE(SUBSTITUTE(MID(A15, FIND("(", A15), FIND(")", A15) - FIND("(", A15) + 1), "(" , ""), ")" , "")) -> BLB | G15: C21 = Commander 2021 | J15: =if(M15="","", LEFT(M15, FIND(" = ", M15)-1)) -> C21 | K15: =if(M15="","", TRIM(MID(M15, FIND("= ", M15) + 2, LEN(M15)))) -> Commander 2021 | M15: =if(G15="","",IF(ISNUMBER(SEARCH("=", G15)), G15, TRIM(MID(G15, FIND("(" , G15) + 1, FIND(")", G15) - FIND("(" , G15) - 1)) & " = " & TRIM(LEFT(G15, FIND("(" , G15) - 1)))) -> C21 = Commander 2021
... A17: 1 Fountainport (BLB) 253 | B17: =if(A17="","", LEFT(A17, FIND(" ", A17)-1)) -> 1 | C17: =if(A17="","",TRIM(MID(A17, FIND(" ", A17)+1, FIND("(", A17)-FIND(" ", A17)-2))) -> Fountainport | D17: =if(A17="","",VLOOKUP(E17, $J:$K, 2, FALSE)) -> Battlebond | E17: =if(A17="","",SUBSTITUTE(SUBSTITUTE(MID(A17, FIND("(", A17), FIND(")", A17) - FIND("(", A17) + 1), "(" , ""), ")" , "")) -> BLB | G17: CLU = Commander Legends: Battle for Baldur's Gate | J17: =if(M17="","", LEFT(M17, FIND(" = ", M17)-1)) -> CLU | K17: =if(M17="","", TRIM(MID(M17, FIND("= ", M17) + 2, LEN(M17)))) -> Commander Legends: Battle for Baldur's Gate | M17: =if(G17="","",IF(ISNUMBER(SEARCH("=", G17)), G17, TRIM(MID(G17, FIND("(" , G17) + 1, FIND(")", G17) - FIND("(" , G17) - 1)) & " = " & TRIM(LEFT(G17, FIND("(" , G17) - 1)))) -> CLU = Commander Legends: Battle for Baldur's Gate
A18: 1 Hearthborn Battler (BLB) 139 | B18: =if(A18="","", LEFT(A18, FIND(" ", A18)-1)) -> 1 | C18: =if(A18="","",TRIM(MID(A18, FIND(" ", A18)+1, FIND("(", A18)-FIND(" ", A18)-2))) -> Hearthborn Battler | D18: =if(A18="","",VLOOKUP(E18, J:K, 2, FALSE)) -> Battlebond | E18: =if(A18="","",SUBSTITUTE(SUBSTITUTE(MID(A18, FIND("(", A18), FIND(")", A18) - FIND("(", A18) + 1), "(" , ""), ")" , "")) -> BLB | G18: CMA = Commander Anthology | J18: =if(M18="","", LEFT(M18, FIND(" = ", M18)-1)) -> CMA | K18: =if(M18="","", TRIM(MID(M18, FIND("= ", M18) + 2, LEN(M18)))) -> Commander Anthology | M18: =if(G18="","",IF(ISNUMBER(SEARCH("=", G18)), G18, TRIM(MID(G18, FIND("(" , G18) + 1, FIND(")", G18) - FIND("(" , G18) - 1)) & " = " & TRIM(LEFT(G18, FIND("(" , G18) - 1)))) -> CMA = Commander Anthology
A19: 2 Kitsa, Otterball Elite (BLB) 54 | B19: =if(A19="","", LEFT(A19, FIND(" ", A19)-1)) -> 2 | C19: =if(A19="","",TRIM(MID(A19, FIND(" ", A19)+1, FIND("(", A19)-FIND(" ", A19)-2))) -> Kitsa, Otterball Elite | D19: =if(A19="","",VLOOKUP(E19, $J:$K, 2, FALSE)) -> Battlebond | E19: =if(A19="","",SUBSTITUTE(SUBSTITUTE(MID(A19, FIND("(", A19), FIND(")", A19) - FIND("(", A19) + 1), "(" , ""), ")" , "")) -> BLB | G19: CMR = Commander Legends | J19: =if(M19="","", LEFT(M19, FIND(" = ", M19)-1)) -> CMR | K19: =if(M19="","", TRIM(MID(M19, FIND("= ", M19) + 2, LEN(M19)))) -> Commander Legends | M19: =if(G19="","",IF(ISNUMBER(SEARCH("=", G19)), G19, TRIM(MID(G19, FIND("(" , G19) + 1, FIND(")", G19) - FIND("(" , G19) - 1)) & " = " & TRIM(LEFT(G19, FIND("(" , G19) - 1)))) -> CMR = Commander Legends
A20: 1 Long River's Pull (BLB) 58 | B20: =if(A20="","", LEFT(A20, FIND(" ", A20)-1)) -> 1 | C20: =if(A20="","",TRIM(MID(A20, FIND(" ", A20)+1, FIND("(", A20)-FIND(" ", A20)-2))) -> Long River's Pull | D20: =if(A20="","",VLOOKUP(E20, $J:$K, 2, FALSE)) -> Battlebond | E20: =if(A20="","",SUBSTITUTE(SUBSTITUTE(MID(A20, FIND("(", A20), FIND(")", A20) - FIND("(", A20) + 1), "(" , ""), ")" , "")) -> BLB | G20: DAG = Duel Decks: Anthology | J20: =if(M20="","", LEFT(M20, FIND(" = ", M20)-1)) -> DAG | K20: =if(M20="","", TRIM(MID(M20, FIND("= ", M20) + 2, LEN(M20)))) -> Duel Decks: Anthology | M20: =if(G20="","",IF(ISNUMBER(SEARCH("=", G20)), G20, TRIM(MID(G20, FIND("(" , G20) + 1, FIND(")", G20) - FIND("(" , G20) - 1)) & " = " & TRIM(LEFT(G20, FIND("(" , G20) - 1)))) -> DAG = Duel Decks: Anthology
A21: 1 Patchwork Banner (BLB) 247 | B21: =if(A21="","", LEFT(A21, FIND(" ", A21)-1)) -> 1 | C21: =if(A21="","",TRIM(MID(A21, FIND(" ", A21)+1, FIND("(", A21)-FIND(" ", A21)-2))) -> Patchwork Banner | D21: =if(A21="","",VLOOKUP(E21, $J:$K, 2, FALSE)) -> Battlebond | E21: =if(A21="","",SUBSTITUTE(SUBSTITUTE(MID(A21, FIND("(", A21), FIND(")", A21) - FIND("(", A21) + 1), "(" , ""), ")" , "")) -> BLB | G21: DDD = Duel Decks: Divine vs. Demonic | J21: =if(M21="","", LEFT(M21, FIND(" = ", M21)-1)) -> DDD | K21: =if(M21="","", TRIM(MID(M21, FIND("= ", M21) + 2, LEN(M21)))) -> Duel Decks: Divine vs. Demonic | M21: =if(G21="","",IF(ISNUMBER(SEARCH("=", G21)), G21, TRIM(MID(G21, FIND("(" , G21) + 1, FIND(")", G21) - FIND("(" , G21) - 1)) & " = " & TRIM(LEFT(G21, FIND("(" , G21) - 1)))) -> DDD = Duel Decks: Divine vs. Demonic
A22: 1 Starfall Invocation (BLB) 34 | B22: =if(A22="","", LEFT(A22, FIND(" ", A22)-1)) -> 1 | C22: =if(A22="","",TRIM(MID(A22, FIND(" ", A22)+1, FIND("(", A22)-FIND(" ", A22)-2))) -> Starfall Invocation | D22: =if(A22="","",VLOOKUP(E22, $J:$K, 2, FALSE)) -> Battlebond | E22: =if(A22="","",SUBSTITUTE(SUBSTITUTE(MID(A22, FIND("(", A22), FIND(")", A22) - FIND("(", A22) + 1), "(" , ""), ")" , "")) -> BLB | G22: DDF = Duel Decks: Elves vs. Goblins | J22: =if(M22="","", LEFT(M22, FIND(" = ", M22)-1)) -> DDF | K22: =if(M22="","", TRIM(MID(M22, FIND("= ", M22) + 2, LEN(M22)))) -> Duel Decks: Elves vs. Goblins | M22: =if(G22="","",IF(ISNUMBER(SEARCH("=", G22)), G22, TRIM(MID(G22, FIND("(" , G22) + 1, FIND(")", G22) - FIND("(" , G22) - 1)) & " = " & TRIM(LEFT(G22, FIND("(" , G22) - 1)))) -> DDF = Duel Decks: Elves vs. Goblins
A23: 5 Three Tree City (BLB) 260 | B23: =if(A23="","", LEFT(A23, FIND(" ", A23)-1)) -> 5 | C23: =if(A23="","",TRIM(MID(A23, FIND(" ", A23)+1, FIND("(", A23)-FIND(" ", A23)-2))) -> Three Tree City | D23: =if(A23="","",VLOOKUP(E23, $J:$K, 2, FALSE)) -> Battlebond | E23: =if(A23="","",SUBSTITUTE(SUBSTITUTE(MID(A23, FIND("(", A23), FIND(")", A23) - FIND("(", A23) + 1), "(" , ""), ")" , "")) -> BLB | G23: DMR = Dominaria Remastered | J23: =if(M23="","", LEFT(M23, FIND(" = ", M23)-1)) -> DMR | K23: =if(M23="","", TRIM(MID(M23, FIND("= ", M23) + 2, LEN(M23)))) -> Dominaria Remastered | M23: =if(G23="","",IF(ISNUMBER(SEARCH("=", G23)), G23, TRIM(MID(G23, FIND("(" , G23) + 1, FIND(")", G23) - FIND("(" , G23) - 1)) & " = " & TRIM(LEFT(G23, FIND("(" , G23) - 1)))) -> DMR = Dominaria Remastered
A24: 1 Mass Diminish (C19) 10 | B24: =if(A24="","", LEFT(A24, FIND(" ", A24)-1)) -> 1 | C24: =if(A24="","",TRIM(MID(A24, FIND(" ", A24)+1, FIND("(", A24)-FIND(" ", A24)-2))) -> Mass Diminish | D24: =if(A24="","",VLOOKUP(E24, $J:$K, 2, FALSE)) -> Commander 2019 | E24: =if(A24="","",SUBSTITUTE(SUBSTITUTE(MID(A24, FIND("(", A24), FIND(")", A24) - FIND("(", A24) + 1), "(" , ""), ")" , "")) -> C19 | G24: DOM = Dominaria | J24: =if(M24="","", LEFT(M24, FIND(" = ", M24)-1)) -> DOM | K24: =if(M24="","", TRIM(MID(M24, FIND("= ", M24) + 2, LEN(M24)))) -> Dominaria | M24: =if(G24="","",IF(ISNUMBER(SEARCH("=", G24)), G24, TRIM(MID(G24, FIND("(" , G24) + 1, FIND(")", G24) - FIND("(" , G24) - 1)) & " = " & TRIM(LEFT(G24, FIND("(" , G24) - 1)))) -> DOM = Dominaria
A25: 2 Primal Growth (CMA) 137 | B25: =if(A25="","", LEFT(A25, FIND(" ", A25)-1)) -> 2 | C25: =if(A25="","",TRIM(MID(A25, FIND(" ", A25)+1, FIND("(", A25)-FIND(" ", A25)-2))) -> Primal Growth | D25: =if(A25="","",VLOOKUP(E25, $J:$K, 2, FALSE)) -> Commander Anthology | E25: =if(A25="","",SUBSTITUTE(SUBSTITUTE(MID(A25, FIND("(", A25), FIND(")", A25) - FIND("(", A25) + 1), "(" , ""), ")" , "")) -> CMA | G25: DPA = Duel Decks: Phyrexia vs. the Coalition | J25: =if(M25="","", LEFT(M25, FIND(" = ", M25)-1)) -> DPA | K25: =if(M25="","", TRIM(MID(M25, FIND("= ", M25) + 2, LEN(M25)))) -> Duel Decks: Phyrexia vs. the Coalition | M25: =if(G25="","",IF(ISNUMBER(SEARCH("=", G25)), G25, TRIM(MID(G25, FIND("(" , G25) + 1, FIND(")", G25) - FIND("(" , G25) - 1)) & " = " & TRIM(LEFT(G25, FIND("(" , G25) - 1)))) -> DPA = Duel Decks: Phyrexia vs. the Coalition
A26: 1 Angel of Vitality (CLU) 53 | B26: =if(A26="","", LEFT(A26, FIND(" ", A26)-1)) -> 1 | C26: =if(A26="","",TRIM(MID(A26, FIND(" ", A26)+1, FIND("(", A26)-FIND(" ", A26)-2))) -> Angel of Vitality | D26: =if(A26="","",VLOOKUP(E26, $J:$K, 2, FALSE)) -> Commander Legends: Battle for Baldur's Gate | E26: =if(A26="","",SUBSTITUTE(SUBSTITUTE(MID(A26, FIND("(", A26), FIND(")", A26) - FIND("(", A26) + 1), "(" , ""), ")" , "")) -> CLU | G26: DSC = Duskmourn: House of Horror Commander | J26: =if(M26="","", LEFT(M26, FIND(" = ", M26)-1)) -> DSC | K26: =if(M26="","", TRIM(MID(M26, FIND("= ", M26) + 2, LEN(M26)))) -> Duskmourn: House of Horror Commander | M26: =if(G26="","",IF(ISNUMBER(SEARCH("=", G26)), G26, TRIM(MID(G26, FIND("(" , G26) + 1, FIND(")", G26) - FIND("(" , G26) - 1)) & " = " & TRIM(LEFT(G26, FIND("(" , G26) - 1)))) -> DSC = Duskmourn: House of Horror Commander
A27: 1 Bag of Holding (CLB) 299 | B27: =if(A27="","", LEFT(A27, FIND(" ", A27)-1)) -> 1 | C27: =if(A27="","",TRIM(MID(A27, FIND(" ", A27)+1, FIND("(", A27)-FIND(" ", A27)-2))) -> Bag of Holding | D27: =if(A27="","",VLOOKUP(E27, $J:$K, 2, FALSE)) -> Commander Legends: Battle for Baldur's Gate | E27: =if(A27="","",SUBSTITUTE(SUBSTITUTE(MID(A27, FIND("(", A27), FIND(")", A27) - FIND("(", A27) + 1), "(" , ""), ")" , "")) -> CLB | G27: DSK = Dominaria United Commander | J27: =if(M27="","", LEFT(M27, FIND(" = ", M27)-1)) -> DSK | K27: =if(M27="","", TRIM(MID(M27, FIND("= ", M27) + 2, LEN(M27)))) -> Dominaria United Commander | M27: =if(G27="","",IF(ISNUMBER(SEARCH("=", G27)), G27, TRIM(MID(G27, FIND("(" , G27) + 1, FIND(")", G27) - FIND("(" , G27) - 1)) & " = " & TRIM(LEFT(G27, FIND("(" , G27) - 1)))) -> DSK = Dominaria United Commander
A28: 2 Everybody Lives! (WHO) 18 | B28: =if(A28="","", LEFT(A28, FIND(" ", A28)-1)) -> 2 | C28: =if(A28="","",TRIM(MID(A28, FIND(" ", A28)+1, FIND("(", A28)-FIND(" ", A28)-2))) -> Everybody Lives! | D28: =if(A28="","",VLOOKUP(E28, $J:$K, 2, FALSE)) -> Commander Legends: Battle for Baldur's Gate | E28: =if(A28="","",SUBSTITUTE(SUBSTITUTE(MID(A28, FIND("(", A28), FIND(")", A28) - FIND("(", A28) + 1), "(" , ""), ")" , "")) -> WHO | G28: DTK = Dragons of Tarkir | J28: =if(M28="","", LEFT(M28, FIND(" = ", M28)-1)) -> DTK | K28: =if(M28="","", TRIM(MID(M28, FIND("= ", M28) + 2, LEN(M28)))) -> Dragons of Tarkir | M28: =if(G28="","",IF(ISNUMBER(SEARCH("=", G28)), G28, TRIM(MID(G28, FIND("(" , G28) + 1, FIND(")", G28) - FIND("(" , G28) - 1)) & " = " & TRIM(LEFT(G28, FIND("(" , G28) - 1)))) -> DTK = Dragons of Tarkir
A29: 1 Flatline (WHO) 43 | B29: =if(A29="","", LEFT(A29, FIND(" ", A29)-1)) -> 1 | C29: =if(A29="","",TRIM(MID(A29, FIND(" ", A29)+1, FIND("(", A29)-FIND(" ", A29)-2))) -> Flatline | D29: =if(A29="","",VLOOKUP(E29, $J:$K, 2, FALSE)) -> Commander Legends: Battle for Baldur's Gate | E29: =if(A29="","",SUBSTITUTE(SUBSTITUTE(MID(A29, FIND("(", A29), FIND(")", A29) - FIND("(", A29) + 1), "(" , ""), ")" , "")) -> WHO | G29: DYN = Kaldheim | J29: =if(M29="","", LEFT(M29, FIND(" = ", M29)-1)) -> DYN | K29: =if(M29="","", TRIM(MID(M29, FIND("= ", M29) + 2, LEN(M29)))) -> Kaldheim | M29: =if(G29="","",IF(ISNUMBER(SEARCH("=", G29)), G29, TRIM(MID(G29, FIND("(" , G29) + 1, FIND(")", G29) - FIND("(" , G29) - 1)) & " = " & TRIM(LEFT(G29, FIND("(" , G29) - 1)))) -> DYN = Kaldheim
A30: 1 Herald of Ilharg (CLU) 34 | B30: =if(A30="","", LEFT(A30, FIND(" ", A30)-1)) -> 1 | C30: =if(A30="","",TRIM(MID(A30, FIND(" ", A30)+1, FIND("(", A30)-FIND(" ", A30)-2))) -> Herald of Ilharg | D30: =if(A30="","",VLOOKUP(E30, $J:$K, 2, FALSE)) -> Commander Legends: Battle for Baldur's Gate | E30: =if(A30="","",SUBSTITUTE(SUBSTITUTE(MID(A30, FIND("(", A30), FIND(")", A30) - FIND("(", A30) + 1), "(" , ""), ")" , "")) -> CLU | G30: ELD = Throne of Eldraine | J30: =if(M30="","", LEFT(M30, FIND(" = ", M30)-1)) -> ELD | K30: =if(M30="","", TRIM(MID(M30, FIND("= ", M30) + 2, LEN(M30)))) -> Throne of Eldraine | M30: =if(G30="","",IF(ISNUMBER(SEARCH("=", G30)), G30, TRIM(MID(G30, FIND("(" , G30) + 1, FIND(")", G30) - FIND("(" , G30) - 1)) & " = " & TRIM(LEFT(G30, FIND("(" , G30) - 1)))) -> ELD = Throne of Eldraine
... A32: 1 Quantum Misalignment (WHO) 52 | B32: =if(A32="","", LEFT(A32, FIND(" ", A32)-1)) -> 1 | C32: =if(A32="","",TRIM(MID(A32, FIND(" ", A32)+1, FIND("(", A32)-FIND(" ", A32)-2))) -> Quantum Misalignment | D32: =if(A32="","",VLOOKUP(E32, $J:$K, 2, FALSE)) -> Commander Legends: Battle for Baldur's Gate | E32: =if(A32="","",SUBSTITUTE(SUBSTITUTE(MID(A32, FIND("(", A32), FIND(")", A32) - FIND("(", A32) + 1), "(" , ""), ")" , "")) -> WHO | G32: EVE = Eventide | J32: =if(M32="","", LEFT(M32, FIND(" = ", M32)-1)) -> EVE | K32: =if(M32="","", TRIM(MID(M32, FIND("= ", M32) + 2, LEN(M32)))) -> Eventide | M32: =if(G32="","",IF(ISNUMBER(SEARCH("=", G32)), G32, TRIM(MID(G32, FIND("(" , G32) + 1, FIND(")", G32) - FIND("(" , G32) - 1)) & " = " & TRIM(LEFT(G32, FIND("(" , G32) - 1)))) -> EVE = Eventide
A33: 2 Suppressor Skyguard (CLU) 46 | B33: =if(A33="","", LEFT(A33, FIND(" ", A33)-1)) -> 2 | C33: =if(A33="","",TRIM(MID(A33, FIND(" ", A33)+1, FIND("(", A33)-FIND(" ", A33)-2))) -> Suppressor Skyguard | D33: =if(A33="","",VLOOKUP(E33, J:K, 2, FALSE)) -> Commander Legends: Battle for Baldur's Gate | E33: =if(A33="","",SUBSTITUTE(SUBSTITUTE(MID(A33, FIND("(", A33), FIND(")", A33) - FIND("(", A33) + 1), "(" , ""), ")" , "")) -> CLU | G33: FUT = Future Sight | J33: =if(M33="","", LEFT(M33, FIND(" = ", M33)-1)) -> FUT | K33: =if(M33="","", TRIM(MID(M33, FIND("= ", M33) + 2, LEN(M33)))) -> Future Sight | M33: =if(G33="","",IF(ISNUMBER(SEARCH("=", G33)), G33, TRIM(MID(G33, FIND("(" , G33) + 1, FIND(")", G33) - FIND("(" , G33) - 1)) & " = " & TRIM(LEFT(G33, FIND("(" , G33) - 1)))) -> FUT = Future Sight
A34: 1 Abundance (CMM) 884 | B34: =if(A34="","", LEFT(A34, FIND(" ", A34)-1)) -> 1 | C34: =if(A34="","",TRIM(MID(A34, FIND(" ", A34)+1, FIND("(", A34)-FIND(" ", A34)-2))) -> Abundance | D34: =if(A34="","",VLOOKUP(E34, $J:$K, 2, FALSE)) -> Commander Masters | E34: =if(A34="","",SUBSTITUTE(SUBSTITUTE(MID(A34, FIND("(", A34), FIND(")", A34) - FIND("(", A34) + 1), "(" , ""), ")" , "")) -> CMM | G34: GDS = Guilds of Ravnica: The Gathering | J34: =if(M34="","", LEFT(M34, FIND(" = ", M34)-1)) -> GDS | K34: =if(M34="","", TRIM(MID(M34, FIND("= ", M34) + 2, LEN(M34)))) -> Guilds of Ravnica: The Gathering | M34: =if(G34="","",IF(ISNUMBER(SEARCH("=", G34)), G34, TRIM(MID(G34, FIND("(" , G34) + 1, FIND(")", G34) - FIND("(" , G34) - 1)) & " = " & TRIM(LEFT(G34, FIND("(" , G34) - 1)))) -> GDS = Guilds of Ravnica: The Gathering
A35: 1 Ajani, Strength of the Pride (M20) 2 | B35: =if(A35="","", LEFT(A35, FIND(" ", A35)-1)) -> 1 | C35: =if(A35="","",TRIM(MID(A35, FIND(" ", A35)+1, FIND("(", A35)-FIND(" ", A35)-2))) -> Ajani, Strength of the Pride | D35: =if(A35="","",VLOOKUP(E35, $J:$K, 2, FALSE)) -> Core Set 2020 | E35: =if(A35="","",SUBSTITUTE(SUBSTITUTE(MID(A35, FIND("(", A35), FIND(")", A35) - FIND("(", A35) + 1), "(" , ""), ")" , "")) -> M20 | G35: GRN = Guilds of Ravnica | J35: =if(M35="","", LEFT(M35, FIND(" = ", M35)-1)) -> GRN | K35: =if(M35="","", TRIM(MID(M35, FIND("= ", M35) + 2, LEN(M35)))) -> Guilds of Ravnica | M35: =if(G35="","",IF(ISNUMBER(SEARCH("=", G35)), G35, TRIM(MID(G35, FIND("(" , G35) + 1, FIND(")", G35) - FIND("(" , G35) - 1)) & " = " & TRIM(LEFT(G35, FIND("(" , G35) - 1)))) -> GRN = Guilds of Ravnica
A36: 1 Exploration (DMR) 159 | B36: =if(A36="","", LEFT(A36, FIND(" ", A36)-1)) -> 1 | C36: =if(A36="","",TRIM(MID(A36, FIND(" ", A36)+1, FIND("(", A36)-FIND(" ", A36)-2))) -> Exploration | D36: =if(A36="","",VLOOKUP(E36, $J:$K, 2, FALSE)) -> Dominaria Remastered | E36: =if(A36="","",SUBSTITUTE(SUBSTITUTE(MID(A36, FIND("(", A36), FIND(")", A36) - FIND("(", A36) + 1), "(" , ""), ")" , "")) -> DMR | G36: HOU = Hour of Devastation | J36: =if(M36="","", LEFT(M36, FIND(" = ", M36)-1)) -> HOU | K36: =if(M36="","", TRIM(MID(M36, FIND("= ", M36) + 2, LEN(M36)))) -> Hour of Devastation | M36: =if(G36="","",IF(ISNUMBER(SEARCH("=", G36)), G36, TRIM(MID(G36, FIND("(" , G36) + 1, FIND(")", G36) - FIND("(" , G36) - 1)) & " = " & TRIM(LEFT(G36, FIND("(" , G36) - 1)))) -> HOU = Hour of Devastation
A37: 1 Krosan Restorer (DMR) 168 | B37: =if(A37="","", LEFT(A37, FIND(" ", A37)-1)) -> 1 | C37: =if(A37="","",TRIM(MID(A37, FIND(" ", A37)+1, FIND("(", A37)-FIND(" ", A37)-2))) -> Krosan Restorer | D37: =if(A37="","",VLOOKUP(E37, $J:$K, 2, FALSE)) -> Dominaria Remastered | E37: =if(A37="","",SUBSTITUTE(SUBSTITUTE(MID(A37, FIND("(", A37), FIND(")", A37) - FIND("(", A37) + 1), "(" , ""), ")" , "")) -> DMR | G37: IKO = Ikoria: Lair of Behemoths | J37: =if(M37="","", LEFT(M37, FIND(" = ", M37)-1)) -> IKO | K37: =if(M37="","", TRIM(MID(M37, FIND("= ", M37) + 2, LEN(M37)))) -> Ikoria: Lair of Behemoths | M37: =if(G37="","",IF(ISNUMBER(SEARCH("=", G37)), G37, TRIM(MID(G37, FIND("(" , G37) + 1, FIND(")", G37) - FIND("(" , G37) - 1)) & " = " & TRIM(LEFT(G37, FIND("(" , G37) - 1)))) -> IKO = Ikoria: Lair of Behemoths
A38: 1 Overmaster (DMR) 132 | B38: =if(A38="","", LEFT(A38, FIND(" ", A38)-1)) -> 1 | C38: =if(A38="","",TRIM(MID(A38, FIND(" ", A38)+1, FIND("(", A38)-FIND(" ", A38)-2))) -> Overmaster | D38: =if(A38="","",VLOOKUP(E38, $J:$K, 2, FALSE)) -> Dominaria Remastered | E38: =if(A38="","",SUBSTITUTE(SUBSTITUTE(MID(A38, FIND("(", A38), FIND(")", A38) - FIND("(", A38) + 1), "(" , ""), ")" , "")) -> DMR | G38: KLD = Kaladesh | J38: =if(M38="","", LEFT(M38, FIND(" = ", M38)-1)) -> KLD | K38: =if(M38="","", TRIM(MID(M38, FIND("= ", M38) + 2, LEN(M38)))) -> Kaladesh | M38: =if(G38="","",IF(ISNUMBER(SEARCH("=", G38)), G38, TRIM(MID(G38, FIND("(" , G38) + 1, FIND(")", G38) - FIND("(" , G38) - 1)) & " = " & TRIM(LEFT(G38, FIND("(" , G38) - 1)))) -> KLD = Kaladesh
A39: 1 Blazemire Verge (DSK) 256 | B39: =if(A39="","", LEFT(A39, FIND(" ", A39)-1)) -> 1 | C39: =if(A39="","",TRIM(MID(A39, FIND(" ", A39)+1, FIND("(", A39)-FIND(" ", A39)-2))) -> Blazemire Verge | D39: =if(A39="","",VLOOKUP(E39, $J:$K, 2, FALSE)) -> Dominaria United Commander | E39: =if(A39="","",SUBSTITUTE(SUBSTITUTE(MID(A39, FIND("(", A39), FIND(")", A39) - FIND("(", A39) + 1), "(" , ""), ")" , "")) -> DSK | G39: KTK = Khans of Tarkir | J39: =if(M39="","", LEFT(M39, FIND(" = ", M39)-1)) -> KTK | K39: =if(M39="","", TRIM(MID(M39, FIND("= ", M39) + 2, LEN(M39)))) -> Khans of Tarkir | M39: =if(G39="","",IF(ISNUMBER(SEARCH("=", G39)), G39, TRIM(MID(G39, FIND("(" , G39) + 1, FIND(")", G39) - FIND("(" , G39) - 1)) & " = " & TRIM(LEFT(G39, FIND("(" , G39) - 1)))) -> KTK = Khans of Tarkir
A40: 1 Dollmaker's Shop // Porcelain Gallery (DSK) 4 | B40: =if(A40="","", LEFT(A40, FIND(" ", A40)-1)) -> 1 | C40: =if(A40="","",TRIM(MID(A40, FIND(" ", A40)+1, FIND("(", A40)-FIND(" ", A40)-2))) -> Dollmaker's Shop // Porcelain Gallery | D40: =if(A40="","",VLOOKUP(E40, $J:$K, 2, FALSE)) -> Dominaria United Commander | E40: =if(A40="","",SUBSTITUTE(SUBSTITUTE(MID(A40, FIND("(", A40), FIND(")", A40) - FIND("(", A40) + 1), "(" , ""), ")" , "")) -> DSK | G40: LCC = The Lost Caverns of Ixalan Commander | J40: =if(M40="","", LEFT(M40, FIND(" = ", M40)-1)) -> LCC | K40: =if(M40="","", TRIM(MID(M40, FIND("= ", M40) + 2, LEN(M40)))) -> The Lost Caverns of Ixalan Commander | M40: =if(G40="","",IF(ISNUMBER(SEARCH("=", G40)), G40, TRIM(MID(G40, FIND("(" , G40) + 1, FIND(")", G40) - FIND("(" , G40) - 1)) & " = " & TRIM(LEFT(G40, FIND("(" , G40) - 1)))) -> LCC = The Lost Caverns of Ixalan Commander
A41: 1 Doomsday Excruciator (DSK) 94 | B41: =if(A41="","", LEFT(A41, FIND(" ", A41)-1)) -> 1 | C41: =if(A41="","",TRIM(MID(A41, FIND(" ", A41)+1, FIND("(", A41)-FIND(" ", A41)-2))) -> Doomsday Excruciator | D41: =if(A41="","",VLOOKUP(E41, $J:$K, 2, FALSE)) -> Dominaria United Commander | E41: =if(A41="","",SUBSTITUTE(SUBSTITUTE(MID(A41, FIND("(", A41), FIND(")", A41) - FIND("(", A41) + 1), "(" , ""), ")" , "")) -> DSK | G41: LGC = Legend of the Five Rings | J41: =if(M41="","", LEFT(M41, FIND(" = ", M41)-1)) -> LGC | K41: =if(M41="","", TRIM(MID(M41, FIND("= ", M41) + 2, LEN(M41)))) -> Legend of the Five Rings | M41: =if(G41="","",IF(ISNUMBER(SEARCH("=", G41)), G41, TRIM(MID(G41, FIND("(" , G41) + 1, FIND(")", G41) - FIND("(" , G41) - 1)) & " = " & TRIM(LEFT(G41, FIND("(" , G41) - 1)))) -> LGC = Legend of the Five Rings
A42: 1 Enduring Courage (DSK) 133 | B42: =if(A42="","", LEFT(A42, FIND(" ", A42)-1)) -> 1 | C42: =if(A42="","",TRIM(MID(A42, FIND(" ", A42)+1, FIND("(", A42)-FIND(" ", A42)-2))) -> Enduring Courage | D42: =if(A42="","",VLOOKUP(E42, $J:$K, 2, FALSE)) -> Dominaria United Commander | E42: =if(A42="","",SUBSTITUTE(SUBSTITUTE(MID(A42, FIND("(", A42), FIND(")", A42) - FIND("(", A42) + 1), "(" , ""), ")" , "")) -> DSK | G42: LOR = Lorwyn | J42: =if(M42="","", LEFT(M42, FIND(" = ", M42)-1)) -> LOR | K42: =if(M42="","", TRIM(MID(M42, FIND("= ", M42) + 2, LEN(M42)))) -> Lorwyn | M42: =if(G42="","",IF(ISNUMBER(SEARCH("=", G42)), G42, TRIM(MID(G42, FIND("(" , G42) + 1, FIND(")", G42) - FIND("(" , G42) - 1)) & " = " & TRIM(LEFT(G42, FIND("(" , G42) - 1)))) -> LOR = Lorwyn
A43: 2 Enduring Curiosity (DSK) 51 | B43: =if(A43="","", LEFT(A43, FIND(" ", A43)-1)) -> 2 | C43: =if(A43="","",TRIM(MID(A43, FIND(" ", A43)+1, FIND("(", A43)-FIND(" ", A43)-2))) -> Enduring Curiosity | D43: =if(A43="","",VLOOKUP(E43, $J:$K, 2, FALSE)) -> Dominaria United Commander | E43: =if(A43="","",SUBSTITUTE(SUBSTITUTE(MID(A43, FIND("(", A43), FIND(")", A43) - FIND("(", A43) + 1), "(" , ""), ")" , "")) -> DSK | G43: LTC = Tales of Middle-earth Commander | J43: =if(M43="","", LEFT(M43, FIND(" = ", M43)-1)) -> LTC | K43: =if(M43="","", TRIM(MID(M43, FIND("= ", M43) + 2, LEN(M43)))) -> Tales of Middle-earth Commander | M43: =if(G43="","",IF(ISNUMBER(SEARCH("=", G43)), G43, TRIM(MID(G43, FIND("(" , G43) + 1, FIND(")", G43) - FIND("(" , G43) - 1)) & " = " & TRIM(LEFT(G43, FIND("(" , G43) - 1)))) -> LTC = Tales of Middle-earth Commander
A44: 1 Enduring Tenacity (DSK) 95 | B44: =if(A44="","", LEFT(A44, FIND(" ", A44)-1)) -> 1 | C44: =if(A44="","",TRIM(MID(A44, FIND(" ", A44)+1, FIND("(", A44)-FIND(" ", A44)-2))) -> Enduring Tenacity | D44: =if(A44="","",VLOOKUP(E44, $J:$K, 2, FALSE)) -> Dominaria United Commander | E44: =if(A44="","",SUBSTITUTE(SUBSTITUTE(MID(A44, FIND("(", A44), FIND(")", A44) - FIND("(", A44) + 1), "(" , ""), ")" , "")) -> DSK | G44: M10 = Magic 2010 | J44: =if(M44="","", LEFT(M44, FIND(" = ", M44)-1)) -> M10 | K44: =if(M44="","", TRIM(MID(M44, FIND("= ", M44) + 2, LEN(M44)))) -> Magic 2010 | M44: =if(G44="","",IF(ISNUMBER(SEARCH("=", G44)), G44, TRIM(MID(G44, FIND("(" , G44) + 1, FIND(")", G44) - FIND("(" , G44) - 1)) & " = " & TRIM(LEFT(G44, FIND("(" , G44) - 1)))) -> M10 = Magic 2010
A45: 1 Enter the Enigma (DSK) 52 | B45: =if(A45="","", LEFT(A45, FIND(" ", A45)-1)) -> 1 | C45: =if(A45="","",TRIM(MID(A45, FIND(" ", A45)+1, FIND("(", A45)-FIND(" ", A45)-2))) -> Enter the Enigma | D45: =if(A45="","",VLOOKUP(E45, $J:$K, 2, FALSE)) -> Dominaria United Commander | E45: =if(A45="","",SUBSTITUTE(SUBSTITUTE(MID(A45, FIND("(", A45), FIND(")", A45) - FIND("(", A45) + 1), "(" , ""), ")" , "")) -> DSK | G45: M11 = Magic 2011 | J45: =if(M45="","", LEFT(M45, FIND(" = ", M45)-1)) -> M11 | K45: =if(M45="","", TRIM(MID(M45, FIND("= ", M45) + 2, LEN(M45)))) -> Magic 2011 | M45: =if(G45="","",IF(ISNUMBER(SEARCH("=", G45)), G45, TRIM(MID(G45, FIND("(" , G45) + 1, FIND(")", G45) - FIND("(" , G45) - 1)) & " = " & TRIM(LEFT(G45, FIND("(" , G45) - 1)))) -> M11 = Magic 2011
... A48: 1 Gloomlake Verge (DSK) 260 | B48: =if(A48="","", LEFT(A48, FIND(" ", A48)-1)) -> 1 | C48: =if(A48="","",TRIM(MID(A48, FIND(" ", A48)+1, FIND("(", A48)-FIND(" ", A48)-2))) -> Gloomlake Verge | D48: =if(A48="","",VLOOKUP(E48, $J:$K, 2, FALSE)) -> Dominaria United Commander | E48: =if(A48="","",SUBSTITUTE(SUBSTITUTE(MID(A48, FIND("(", A48), FIND(")", A48) - FIND("(", A48) + 1), "(" , ""), ")" , "")) -> DSK | G48: M14 = Magic 2014 | J48: =if(M48="","", LEFT(M48, FIND(" = ", M48)-1)) -> M14 | K48: =if(M48="","", TRIM(MID(M48, FIND("= ", M48) + 2, LEN(M48)))) -> Magic 2014 | M48: =if(G48="","",IF(ISNUMBER(SEARCH("=", G48)), G48, TRIM(MID(G48, FIND("(" , G48) + 1, FIND(")", G48) - FIND("(" , G48) - 1)) & " = " & TRIM(LEFT(G48, FIND("(" , G48) - 1)))) -> M14 = Magic 2014
A49: 1 Grievous Wound (DSK) 102 | B49: =if(A49="","", LEFT(A49, FIND(" ", A49)-1)) -> 1 | C49: =if(A49="","",TRIM(MID(A49, FIND(" ", A49)+1, FIND("(", A49)-FIND(" ", A49)-2))) -> Grievous Wound | D49: =if(A49="","",VLOOKUP(E49, J:K, 2, FALSE)) -> Dominaria United Commander | E49: =if(A49="","",SUBSTITUTE(SUBSTITUTE(MID(A49, FIND("(", A49), FIND(")", A49) - FIND("(", A49) + 1), "(" , ""), ")" , "")) -> DSK | G49: M15 = Magic 2015 | J49: =if(M49="","", LEFT(M49, FIND(" = ", M49)-1)) -> M15 | K49: =if(M49="","", TRIM(MID(M49, FIND("= ", M49) + 2, LEN(M49)))) -> Magic 2015 | M49: =if(G49="","",IF(ISNUMBER(SEARCH("=", G49)), G49, TRIM(MID(G49, FIND("(" , G49) + 1, FIND(")", G49) - FIND("(" , G49) - 1)) & " = " & TRIM(LEFT(G49, FIND("(" , G49) - 1)))) -> M15 = Magic 2015
A50: 1 Hauntwoods Shrieker (DSK) 182 | B50: =if(A50="","", LEFT(A50, FIND(" ", A50)-1)) -> 1 | C50: =if(A50="","",TRIM(MID(A50, FIND(" ", A50)+1, FIND("(", A50)-FIND(" ", A50)-2))) -> Hauntwoods Shrieker | D50: =if(A50="","",VLOOKUP(E50, $J:$K, 2, FALSE)) -> Dominaria United Commander | E50: =if(A50="","",SUBSTITUTE(SUBSTITUTE(MID(A50, FIND("(", A50), FIND(")", A50) - FIND("(", A50) + 1), "(" , ""), ")" , "")) -> DSK | G50: M19 = Core Set 2019 | J50: =if(M50="","", LEFT(M50, FIND(" = ", M50)-1)) -> M19 | K50: =if(M50="","", TRIM(MID(M50, FIND("= ", M50) + 2, LEN(M50)))) -> Core Set 2019 | M50: =if(G50="","",IF(ISNUMBER(SEARCH("=", G50)), G50, TRIM(MID(G50, FIND("(" , G50) + 1, FIND(")", G50) - FIND("(" , G50) - 1)) & " = " & TRIM(LEFT(G50, FIND("(" , G50) - 1)))) -> M19 = Core Set 2019
A51: 1 Kona, Rescue Beastie (DSK) 187 | B51: =if(A51="","", LEFT(A51, FIND(" ", A51)-1)) -> 1 | C51: =if(A51="","",TRIM(MID(A51, FIND(" ", A51)+1, FIND("(", A51)-FIND(" ", A51)-2))) -> Kona, Rescue Beastie | D51: =if(A51="","",VLOOKUP(E51, $J:$K, 2, FALSE)) -> Dominaria United Commander | E51: =if(A51="","",SUBSTITUTE(SUBSTITUTE(MID(A51, FIND("(", A51), FIND(")", A51) - FIND("(", A51) + 1), "(" , ""), ")" , "")) -> DSK | G51: M20 = Core Set 2020 | J51: =if(M51="","", LEFT(M51, FIND(" = ", M51)-1)) -> M20 | K51: =if(M51="","", TRIM(MID(M51, FIND("= ", M51) + 2, LEN(M51)))) -> Core Set 2020 | M51: =if(G51="","",IF(ISNUMBER(SEARCH("=", G51)), G51, TRIM(MID(G51, FIND("(" , G51) + 1, FIND(")", G51) - FIND("(" , G51) - 1)) & " = " & TRIM(LEFT(G51, FIND("(" , G51) - 1)))) -> M20 = Core Set 2020
A52: 1 Leyline of Resonance (DSK) 143 | B52: =if(A52="","", LEFT(A52, FIND(" ", A52)-1)) -> 1 | C52: =if(A52="","",TRIM(MID(A52, FIND(" ", A52)+1, FIND("(", A52)-FIND(" ", A52)-2))) -> Leyline of Resonance | D52: =if(A52="","",VLOOKUP(E52, J:K, 2, FALSE)) -> Dominaria United Commander | E52: =if(A52="","",SUBSTITUTE(SUBSTITUTE(MID(A52, FIND("(", A52), FIND(")", A52) - FIND("(", A52) + 1), "(" , ""), ")" , "")) -> DSK | G52: M21 = Core Set 2021 | J52: =if(M52="","", LEFT(M52, FIND(" = ", M52)-1)) -> M21 | K52: =if(M52="","", TRIM(MID(M52, FIND("= ", M52) + 2, LEN(M52)))) -> Core Set 2021 | M52: =if(G52="","",IF(ISNUMBER(SEARCH("=", G52)), G52, TRIM(MID(G52, FIND("(" , G52) + 1, FIND(")", G52) - FIND("(" , G52) - 1)) & " = " & TRIM(LEFT(G52, FIND("(" , G52) - 1)))) -> M21 = Core Set 2021
A53: 1 Meathook Massacre II (DSK) 108 | B53: =if(A53="","", LEFT(A53, FIND(" ", A53)-1)) -> 1 | C53: =if(A53="","",TRIM(MID(A53, FIND(" ", A53)+1, FIND("(", A53)-FIND(" ", A53)-2))) -> Meathook Massacre II | D53: =if(A53="","",VLOOKUP(E53, $J:$K, 2, FALSE)) -> Dominaria United Commander | E53: =if(A53="","",SUBSTITUTE(SUBSTITUTE(MID(A53, FIND("(", A53), FIND(")", A53) - FIND("(", A53) + 1), "(" , ""), ")" , "")) -> DSK | G53: m3c = Modern Horizons 3 Commander | J53: =if(M53="","", LEFT(M53, FIND(" = ", M53)-1)) -> m3c | K53: =if(M53="","", TRIM(MID(M53, FIND("= ", M53) + 2, LEN(M53)))) -> Modern Horizons 3 Commander | M53: =if(G53="","",IF(ISNUMBER(SEARCH("=", G53)), G53, TRIM(MID(G53, FIND("(" , G53) + 1, FIND(")", G53) - FIND("(" , G53) - 1)) & " = " & TRIM(LEFT(G53, FIND("(" , G53) - 1)))) -> m3c = Modern Horizons 3 Commander
A54: 1 Nowhere to Run (DSK) 111 | B54: =if(A54="","", LEFT(A54, FIND(" ", A54)-1)) -> 1 | C54: =if(A54="","",TRIM(MID(A54, FIND(" ", A54)+1, FIND("(", A54)-FIND(" ", A54)-2))) -> Nowhere to Run | D54: =if(A54="","",VLOOKUP(E54, $J:$K, 2, FALSE)) -> Dominaria United Commander | E54: =if(A54="","",SUBSTITUTE(SUBSTITUTE(MID(A54, FIND("(", A54), FIND(")", A54) - FIND("(", A54) + 1), "(" , ""), ")" , "")) -> DSK | G54: MH1 = Modern Horizons | J54: =if(M54="","", LEFT(M54, FIND(" = ", M54)-1)) -> MH1 | K54: =if(M54="","", TRIM(MID(M54, FIND("= ", M54) + 2, LEN(M54)))) -> Modern Horizons | M54: =if(G54="","",IF(ISNUMBER(SEARCH("=", G54)), G54, TRIM(MID(G54, FIND("(" , G54) + 1, FIND(")", G54) - FIND("(" , G54) - 1)) & " = " & TRIM(LEFT(G54, FIND("(" , G54) - 1)))) -> MH1 = Modern Horizons
A55: 1 Peer Past the Veil (DSK) 226 | B55: =if(A55="","", LEFT(A55, FIND(" ", A55)-1)) -> 1 | C55: =if(A55="","",TRIM(MID(A55, FIND(" ", A55)+1, FIND("(", A55)-FIND(" ", A55)-2))) -> Peer Past the Veil | D55: =if(A55="","",VLOOKUP(E55, J:K, 2, FALSE)) -> Dominaria United Commander | E55: =if(A55="","",SUBSTITUTE(SUBSTITUTE(MID(A55, FIND("(", A55), FIND(")", A55) - FIND("(", A55) + 1), "(" , ""), ")" , "")) -> DSK | G55: MH2 = Modern Horizons 2 | J55: =if(M55="","", LEFT(M55, FIND(" = ", M55)-1)) -> MH2 | K55: =if(M55="","", TRIM(MID(M55, FIND("= ", M55) + 2, LEN(M55)))) -> Modern Horizons 2 | M55: =if(G55="","",IF(ISNUMBER(SEARCH("=", G55)), G55, TRIM(MID(G55, FIND("(" , G55) + 1, FIND(")", G55) - FIND("(" , G55) - 1)) & " = " & TRIM(LEFT(G55, FIND("(" , G55) - 1)))) -> MH2 = Modern Horizons 2
A56: 1 Razorkin Needlehead (DSK) 153 | B56: =if(A56="","", LEFT(A56, FIND(" ", A56)-1)) -> 1 | C56: =if(A56="","",TRIM(MID(A56, FIND(" ", A56)+1, FIND("(", A56)-FIND(" ", A56)-2))) -> Razorkin Needlehead | D56: =if(A56="","",VLOOKUP(E56, $J:$K, 2, FALSE)) -> Dominaria United Commander | E56: =if(A56="","",SUBSTITUTE(SUBSTITUTE(MID(A56, FIND("(", A56), FIND(")", A56) - FIND("(", A56) + 1), "(" , ""), ")" , "")) -> DSK | G56: MH3 = Modern Horizons 3 | J56: =if(M56="","", LEFT(M56, FIND(" = ", M56)-1)) -> MH3 | K56: =if(M56="","", TRIM(MID(M56, FIND("= ", M56) + 2, LEN(M56)))) -> Modern Horizons 3 | M56: =if(G56="","",IF(ISNUMBER(SEARCH("=", G56)), G56, TRIM(MID(G56, FIND("(" , G56) + 1, FIND(")", G56) - FIND("(" , G56) - 1)) & " = " & TRIM(LEFT(G56, FIND("(" , G56) - 1)))) -> MH3 = Modern Horizons 3
A57: 1 Restricted Office // Lecture Hall (DSK) 227 | B57: =if(A57="","", LEFT(A57, FIND(" ", A57)-1)) -> 1 | C57: =if(A57="","",TRIM(MID(A57, FIND(" ", A57)+1, FIND("(", A57)-FIND(" ", A57)-2))) -> Restricted Office // Lecture Hall | D57: =if(A57="","",VLOOKUP(E57, $J:$K, 2, FALSE)) -> Dominaria United Commander | E57: =if(A57="","",SUBSTITUTE(SUBSTITUTE(MID(A57, FIND("(", A57), FIND(")", A57) - FIND("(", A57) + 1), "(" , ""), ")" , "")) -> DSK | G57: MIR = Mirrodin | J57: =if(M57="","", LEFT(M57, FIND(" = ", M57)-1)) -> MIR | K57: =if(M57="","", TRIM(MID(M57, FIND("= ", M57) + 2, LEN(M57)))) -> Mirrodin | M57: =if(G57="","",IF(ISNUMBER(SEARCH("=", G57)), G57, TRIM(MID(G57, FIND("(" , G57) + 1, FIND(")", G57) - FIND("(" , G57) - 1)) & " = " & TRIM(LEFT(G57, FIND("(" , G57) - 1)))) -> MIR = Mirrodin
A58: 1 Screaming Nemesis (DSK) 157 | B58: =if(A58="","", LEFT(A58, FIND(" ", A58)-1)) -> 1 | C58: =if(A58="","",TRIM(MID(A58, FIND(" ", A58)+1, FIND("(", A58)-FIND(" ", A58)-2))) -> Screaming Nemesis | D58: =if(A58="","",VLOOKUP(E58, $J:$K, 2, FALSE)) -> Dominaria United Commander | E58: =if(A58="","",SUBSTITUTE(SUBSTITUTE(MID(A58, FIND("(", A58), FIND(")", A58) - FIND("(", A58) + 1), "(" , ""), ")" , "")) -> DSK | G58: MKC = March of the Machine Commander | J58: =if(M58="","", LEFT(M58, FIND(" = ", M58)-1)) -> MKC | K58: =if(M58="","", TRIM(MID(M58, FIND("= ", M58) + 2, LEN(M58)))) -> March of the Machine Commander | M58: =if(G58="","",IF(ISNUMBER(SEARCH("=", G58)), G58, TRIM(MID(G58, FIND("(" , G58) + 1, FIND(")", G58) - FIND("(" , G58) - 1)) & " = " & TRIM(LEFT(G58, FIND("(" , G58) - 1)))) -> MKC = March of the Machine Commander
A59: 1 Split Up (DSK) 32 | B59: =if(A59="","", LEFT(A59, FIND(" ", A59)-1)) -> 1 | C59: =if(A59="","",TRIM(MID(A59, FIND(" ", A59)+1, FIND("(", A59)-FIND(" ", A59)-2))) -> Split Up | D59: =if(A59="","",VLOOKUP(E59, $J:$K, 2, FALSE)) -> Dominaria United Commander | E59: =if(A59="","",SUBSTITUTE(SUBSTITUTE(MID(A59, FIND("(", A59), FIND(")", A59) - FIND("(", A59) + 1), "(" , ""), ")" , "")) -> DSK | G59: MKM = Midnight Hunt Commander | J59: =if(M59="","", LEFT(M59, FIND(" = ", M59)-1)) -> MKM | K59: =if(M59="","", TRIM(MID(M59, FIND("= ", M59) + 2, LEN(M59)))) -> Midnight Hunt Commander | M59: =if(G59="","",IF(ISNUMBER(SEARCH("=", G59)), G59, TRIM(MID(G59, FIND("(" , G59) + 1, FIND(")", G59) - FIND("(" , G59) - 1)) & " = " & TRIM(LEFT(G59, FIND("(" , G59) - 1)))) -> MKM = Midnight Hunt Commander
A60: 1 The Mindskinner (DSK) 66 | B60: =if(A60="","", LEFT(A60, FIND(" ", A60)-1)) -> 1 | C60: =if(A60="","",TRIM(MID(A60, FIND(" ", A60)+1, FIND("(", A60)-FIND(" ", A60)-2))) -> The Mindskinner | D60: =if(A60="","",VLOOKUP(E60, $J:$K, 2, FALSE)) -> Dominaria United Commander | E60: =if(A60="","",SUBSTITUTE(SUBSTITUTE(MID(A60, FIND("(", A60), FIND(")", A60) - FIND("(", A60) + 1), "(" , ""), ")" , "")) -> DSK | G60: MM1 = Modern Masters 1 | J60: =if(M60="","", LEFT(M60, FIND(" = ", M60)-1)) -> MM1 | K60: =if(M60="","", TRIM(MID(M60, FIND("= ", M60) + 2, LEN(M60)))) -> Modern Masters 1 | M60: =if(G60="","",IF(ISNUMBER(SEARCH("=", G60)), G60, TRIM(MID(G60, FIND("(" , G60) + 1, FIND(")", G60) - FIND("(" , G60) - 1)) & " = " & TRIM(LEFT(G60, FIND("(" , G60) - 1)))) -> MM1 = Modern Masters 1
A61: 1 The Rollercrusher Ride (DSK) 155 | B61: =if(A61="","", LEFT(A61, FIND(" ", A61)-1)) -> 1 | C61: =if(A61="","",TRIM(MID(A61, FIND(" ", A61)+1, FIND("(", A61)-FIND(" ", A61)-2))) -> The Rollercrusher Ride | D61: =if(A61="","",VLOOKUP(E61, $J:$K, 2, FALSE)) -> Dominaria United Commander | E61: =if(A61="","",SUBSTITUTE(SUBSTITUTE(MID(A61, FIND("(", A61), FIND(")", A61) - FIND("(", A61) + 1), "(" , ""), ")" , "")) -> DSK | G61: MM2 = Modern Masters 2 | J61: =if(M61="","", LEFT(M61, FIND(" = ", M61)-1)) -> MM2 | K61: =if(M61="","", TRIM(MID(M61, FIND("= ", M61) + 2, LEN(M61)))) -> Modern Masters 2 | M61: =if(G61="","",IF(ISNUMBER(SEARCH("=", G61)), G61, TRIM(MID(G61, FIND("(" , G61) + 1, FIND(")", G61) - FIND("(" , G61) - 1)) & " = " & TRIM(LEFT(G61, FIND("(" , G61) - 1)))) -> MM2 = Modern Masters 2
A62: 2 Thornspire Verge (DSK) 270 | B62: =if(A62="","", LEFT(A62, FIND(" ", A62)-1)) -> 2 | C62: =if(A62="","",TRIM(MID(A62, FIND(" ", A62)+1, FIND("(", A62)-FIND(" ", A62)-2))) -> Thornspire Verge | D62: =if(A62="","",VLOOKUP(E62, $J:$K, 2, FALSE)) -> Dominaria United Commander | E62: =if(A62="","",SUBSTITUTE(SUBSTITUTE(MID(A62, FIND("(", A62), FIND(")", A62) - FIND("(", A62) + 1), "(" , ""), ")" , "")) -> DSK | G62: MM3 = Modern Masters 3 | J62: =if(M62="","", LEFT(M62, FIND(" = ", M62)-1)) -> MM3 | K62: =if(M62="","", TRIM(MID(M62, FIND("= ", M62) + 2, LEN(M62)))) -> Modern Masters 3 | M62: =if(G62="","",IF(ISNUMBER(SEARCH("=", G62)), G62, TRIM(MID(G62, FIND("(" , G62) + 1, FIND(")", G62) - FIND("(" , G62) - 1)) & " = " & TRIM(LEFT(G62, FIND("(" , G62) - 1)))) -> MM3 = Modern Masters 3
A63: 1 Undead Sprinter (DSK) 237 | B63: =if(A63="","", LEFT(A63, FIND(" ", A63)-1)) -> 1 | C63: =if(A63="","",TRIM(MID(A63, FIND(" ", A63)+1, FIND("(", A63)-FIND(" ", A63)-2))) -> Undead Sprinter | D63: =if(A63="","",VLOOKUP(E63, J:K, 2, FALSE)) -> Dominaria United Commander | E63: =if(A63="","",SUBSTITUTE(SUBSTITUTE(MID(A63, FIND("(", A63), FIND(")", A63) - FIND("(", A63) + 1), "(" , ""), ")" , "")) -> DSK | G63: MMA = Modern Masters Anthology | J63: =if(M63="","", LEFT(M63, FIND(" = ", M63)-1)) -> MMA | K63: =if(M63="","", TRIM(MID(M63, FIND("= ", M63) + 2, LEN(M63)))) -> Modern Masters Anthology | M63: =if(G63="","",IF(ISNUMBER(SEARCH("=", G63)), G63, TRIM(MID(G63, FIND("(" , G63) + 1, FIND(")", G63) - FIND("(" , G63) - 1)) & " = " & TRIM(LEFT(G63, FIND("(" , G63) - 1)))) -> MMA = Modern Masters Anthology
A64: 1 Unstoppable Slasher (DSK) 119 | B64: =if(A64="","", LEFT(A64, FIND(" ", A64)-1)) -> 1 | C64: =if(A64="","",TRIM(MID(A64, FIND(" ", A64)+1, FIND("(", A64)-FIND(" ", A64)-2))) -> Unstoppable Slasher | D64: =if(A64="","",VLOOKUP(E64, $J:$K, 2, FALSE)) -> Dominaria United Commander | E64: =if(A64="","",SUBSTITUTE(SUBSTITUTE(MID(A64, FIND("(", A64), FIND(")", A64) - FIND("(", A64) + 1), "(" , ""), ")" , "")) -> DSK | G64: NCC = New Capenna Commander | J64: =if(M64="","", LEFT(M64, FIND(" = ", M64)-1)) -> NCC | K64: =if(M64="","", TRIM(MID(M64, FIND("= ", M64) + 2, LEN(M64)))) -> New Capenna Commander | M64: =if(G64="","",IF(ISNUMBER(SEARCH("=", G64)), G64, TRIM(MID(G64, FIND("(" , G64) + 1, FIND(")", G64) - FIND("(" , G64) - 1)) & " = " & TRIM(LEFT(G64, FIND("(" , G64) - 1)))) -> NCC = New Capenna Commander
A65: 2 Walk-In Closet // Forgotten Cellar (DSK) 205 | B65: =if(A65="","", LEFT(A65, FIND(" ", A65)-1)) -> 2 | C65: =if(A65="","",TRIM(MID(A65, FIND(" ", A65)+1, FIND("(", A65)-FIND(" ", A65)-2))) -> Walk-In Closet // Forgotten Cellar | D65: =if(A65="","",VLOOKUP(E65, $J:$K, 2, FALSE)) -> Dominaria United Commander | E65: =if(A65="","",SUBSTITUTE(SUBSTITUTE(MID(A65, FIND("(", A65), FIND(")", A65) - FIND("(", A65) + 1), "(" , ""), ")" , "")) -> DSK | G65: NMS = Scars of Mirrodin | J65: =if(M65="","", LEFT(M65, FIND(" = ", M65)-1)) -> NMS | K65: =if(M65="","", TRIM(MID(M65, FIND("= ", M65) + 2, LEN(M65)))) -> Scars of Mirrodin | M65: =if(G65="","",IF(ISNUMBER(SEARCH("=", G65)), G65, TRIM(MID(G65, FIND("(" , G65) + 1, FIND(")", G65) - FIND("(" , G65) - 1)) & " = " & TRIM(LEFT(G65, FIND("(" , G65) - 1)))) -> NMS = Scars of Mirrodin
A66: 3 Withering Torment (DSK) 124 | B66: =if(A66="","", LEFT(A66, FIND(" ", A66)-1)) -> 3 | C66: =if(A66="","",TRIM(MID(A66, FIND(" ", A66)+1, FIND("(", A66)-FIND(" ", A66)-2))) -> Withering Torment | D66: =if(A66="","",VLOOKUP(E66, $J:$K, 2, FALSE)) -> Dominaria United Commander | E66: =if(A66="","",SUBSTITUTE(SUBSTITUTE(MID(A66, FIND("(", A66), FIND(")", A66) - FIND("(", A66) + 1), "(" , ""), ")" , "")) -> DSK | G66: NPH = New Phyrexia | J66: =if(M66="","", LEFT(M66, FIND(" = ", M66)-1)) -> NPH | K66: =if(M66="","", TRIM(MID(M66, FIND("= ", M66) + 2, LEN(M66)))) -> New Phyrexia | M66: =if(G66="","",IF(ISNUMBER(SEARCH("=", G66)), G66, TRIM(MID(G66, FIND("(" , G66) + 1, FIND(")", G66) - FIND("(" , G66) - 1)) & " = " & TRIM(LEFT(G66, FIND("(" , G66) - 1)))) -> NPH = New Phyrexia
A67: 2 Gleeful Arsonist (DSC) 27 | B67: =if(A67="","", LEFT(A67, FIND(" ", A67)-1)) -> 2 | C67: =if(A67="","",TRIM(MID(A67, FIND(" ", A67)+1, FIND("(", A67)-FIND(" ", A67)-2))) -> Gleeful Arsonist | D67: =if(A67="","",VLOOKUP(E67, $J:$K, 2, FALSE)) -> Duskmourn: House of Horror Commander | E67: =if(A67="","",SUBSTITUTE(SUBSTITUTE(MID(A67, FIND("(", A67), FIND(")", A67) - FIND("(", A67) + 1), "(" , ""), ")" , "")) -> DSC | G67: OGW = Oath of the Gatewatch | J67: =if(M67="","", LEFT(M67, FIND(" = ", M67)-1)) -> OGW | K67: =if(M67="","", TRIM(MID(M67, FIND("= ", M67) + 2, LEN(M67)))) -> Oath of the Gatewatch | M67: =if(G67="","",IF(ISNUMBER(SEARCH("=", G67)), G67, TRIM(MID(G67, FIND("(" , G67) + 1, FIND(")", G67) - FIND("(" , G67) - 1)) & " = " & TRIM(LEFT(G67, FIND("(" , G67) - 1)))) -> OGW = Oath of the Gatewatch
A68: 2 Into the Pit (DSC) 20 | B68: =if(A68="","", LEFT(A68, FIND(" ", A68)-1)) -> 2 | C68: =if(A68="","",TRIM(MID(A68, FIND(" ", A68)+1, FIND("(", A68)-FIND(" ", A68)-2))) -> Into the Pit | D68: =if(A68="","",VLOOKUP(E68, $J:$K, 2, FALSE)) -> Duskmourn: House of Horror Commander | E68: =if(A68="","",SUBSTITUTE(SUBSTITUTE(MID(A68, FIND("(", A68), FIND(")", A68) - FIND("(", A68) + 1), "(" , ""), ")" , "")) -> DSC | G68: ORI = Magic Origins | J68: =if(M68="","", LEFT(M68, FIND(" = ", M68)-1)) -> ORI | K68: =if(M68="","", TRIM(MID(M68, FIND("= ", M68) + 2, LEN(M68)))) -> Magic Origins | M68: =if(G68="","",IF(ISNUMBER(SEARCH("=", G68)), G68, TRIM(MID(G68, FIND("(" , G68) + 1, FIND(")", G68) - FIND("(" , G68) - 1)) & " = " & TRIM(LEFT(G68, FIND("(" , G68) - 1)))) -> ORI = Magic Origins
A69: 1 Valgavoth, Harrower of Souls (DSC) 6 | B69: =if(A69="","", LEFT(A69, FIND(" ", A69)-1)) -> 1 | C69: =if(A69="","",TRIM(MID(A69, FIND(" ", A69)+1, FIND("(", A69)-FIND(" ", A69)-2))) -> Valgavoth, Harrower of Souls | D69: =if(A69="","",VLOOKUP(E69, $J:$K, 2, FALSE)) -> Duskmourn: House of Horror Commander | E69: =if(A69="","",SUBSTITUTE(SUBSTITUTE(MID(A69, FIND("(", A69), FIND(")", A69) - FIND("(", A69) + 1), "(" , ""), ")" , "")) -> DSC | G69: OTC = Outlaws of Thunder Junction Commander | J69: =if(M69="","", LEFT(M69, FIND(" = ", M69)-1)) -> OTC | K69: =if(M69="","", TRIM(MID(M69, FIND("= ", M69) + 2, LEN(M69)))) -> Outlaws of Thunder Junction Commander | M69: =if(G69="","",IF(ISNUMBER(SEARCH("=", G69)), G69, TRIM(MID(G69, FIND("(" , G69) + 1, FIND(")", G69) - FIND("(" , G69) - 1)) & " = " & TRIM(LEFT(G69, FIND("(" , G69) - 1)))) -> OTC = Outlaws of Thunder Junction Commander
A70: 1 Bottle-Cap Blast (PIP) 55 | B70: =if(A70="","", LEFT(A70, FIND(" ", A70)-1)) -> 1 | C70: =if(A70="","",TRIM(MID(A70, FIND(" ", A70)+1, FIND("(", A70)-FIND(" ", A70)-2))) -> Bottle-Cap Blast | D70: =if(A70="","",VLOOKUP(E70, $J:$K, 2, FALSE)) -> Fallout | E70: =if(A70="","",SUBSTITUTE(SUBSTITUTE(MID(A70, FIND("(", A70), FIND(")", A70) - FIND("(", A70) + 1), "(" , ""), ")" , "")) -> PIP | G70: Outlaws of Thunder Junction (OTJ) | J70: =if(M70="","", LEFT(M70, FIND(" = ", M70)-1)) -> OTJ | K70: =if(M70="","", TRIM(MID(M70, FIND("= ", M70) + 2, LEN(M70)))) -> Outlaws of Thunder Junction | M70: =if(G70="","",IF(ISNUMBER(SEARCH("=", G70)), G70, TRIM(MID(G70, FIND("(" , G70) + 1, FIND(")", G70) - FIND("(" , G70) - 1)) & " = " & TRIM(LEFT(G70, FIND("(" , G70) - 1)))) -> OTJ = Outlaws of Thunder Junction
A71: 1 MacCready, Lamplight Mayor (PIP) 108 | B71: =if(A71="","", LEFT(A71, FIND(" ", A71)-1)) -> 1 | C71: =if(A71="","",TRIM(MID(A71, FIND(" ", A71)+1, FIND("(", A71)-FIND(" ", A71)-2))) -> MacCready, Lamplight Mayor | D71: =if(A71="","",VLOOKUP(E71, $J:$K, 2, FALSE)) -> Fallout | E71: =if(A71="","",SUBSTITUTE(SUBSTITUTE(MID(A71, FIND("(", A71), FIND(")", A71) - FIND("(", A71) + 1), "(" , ""), ")" , "")) -> PIP | G71: PCA = Planeswalker Deck | J71: =if(M71="","", LEFT(M71, FIND(" = ", M71)-1)) -> PCA | K71: =if(M71="","", TRIM(MID(M71, FIND("= ", M71) + 2, LEN(M71)))) -> Planeswalker Deck | M71: =if(G71="","",IF(ISNUMBER(SEARCH("=", G71)), G71, TRIM(MID(G71, FIND("(" , G71) + 1, FIND(")", G71) - FIND("(" , G71) - 1)) & " = " & TRIM(LEFT(G71, FIND("(" , G71) - 1)))) -> PCA = Planeswalker Deck
A72: 1 Pip-Boy 3000 (PIP) 140 | B72: =if(A72="","", LEFT(A72, FIND(" ", A72)-1)) -> 1 | C72: =if(A72="","",TRIM(MID(A72, FIND(" ", A72)+1, FIND("(", A72)-FIND(" ", A72)-2))) -> Pip-Boy 3000 | D72: =if(A72="","",VLOOKUP(E72, $J:$K, 2, FALSE)) -> Fallout | E72: =if(A72="","",SUBSTITUTE(SUBSTITUTE(MID(A72, FIND("(", A72), FIND(")", A72) - FIND("(", A72) + 1), "(" , ""), ")" , "")) -> PIP | J72: =if(M72="","", LEFT(M72, FIND(" = ", M72)-1)) | K72: =if(M72="","", TRIM(MID(M72, FIND("= ", M72) + 2, LEN(M72)))) | M72: =if(G72="","",IF(ISNUMBER(SEARCH("=", G72)), G72, TRIM(MID(G72, FIND("(" , G72) + 1, FIND(")", G72) - FIND("(" , G72) - 1)) & " = " & TRIM(LEFT(G72, FIND("(" , G72) - 1))))
A73: 1 Pre-War Formalwear (PIP) 21 | B73: =if(A73="","", LEFT(A73, FIND(" ", A73)-1)) -> 1 | C73: =if(A73="","",TRIM(MID(A73, FIND(" ", A73)+1, FIND("(", A73)-FIND(" ", A73)-2))) -> Pre-War Formalwear | D73: =if(A73="","",VLOOKUP(E73, $J:$K, 2, FALSE)) -> Fallout | E73: =if(A73="","",SUBSTITUTE(SUBSTITUTE(MID(A73, FIND("(", A73), FIND(")", A73) - FIND("(", A73) + 1), "(" , ""), ")" , "")) -> PIP | G73: PRM = Premium Deck Series | J73: =if(M73="","", LEFT(M73, FIND(" = ", M73)-1)) -> PRM | K73: =if(M73="","", TRIM(MID(M73, FIND("= ", M73) + 2, LEN(M73)))) -> Premium Deck Series | M73: =if(G73="","",IF(ISNUMBER(SEARCH("=", G73)), G73, TRIM(MID(G73, FIND("(" , G73) + 1, FIND(")", G73) - FIND("(" , G73) - 1)) & " = " & TRIM(LEFT(G73, FIND("(" , G73) - 1)))) -> PRM = Premium Deck Series
A74: 1 Blazing Volley (IKO) 107 | B74: =if(A74="","", LEFT(A74, FIND(" ", A74)-1)) -> 1 | C74: =if(A74="","",TRIM(MID(A74, FIND(" ", A74)+1, FIND("(", A74)-FIND(" ", A74)-2))) -> Blazing Volley | D74: =if(A74="","",VLOOKUP(E74, $J:$K, 2, FALSE)) -> Ikoria: Lair of Behemoths | E74: =if(A74="","",SUBSTITUTE(SUBSTITUTE(MID(A74, FIND("(", A74), FIND(")", A74) - FIND("(", A74) + 1), "(" , ""), ")" , "")) -> IKO | G74: RAV = Ravnica: City of Guilds | J74: =if(M74="","", LEFT(M74, FIND(" = ", M74)-1)) -> RAV | K74: =if(M74="","", TRIM(MID(M74, FIND("= ", M74) + 2, LEN(M74)))) -> Ravnica: City of Guilds | M74: =if(G74="","",IF(ISNUMBER(SEARCH("=", G74)), G74, TRIM(MID(G74, FIND("(" , G74) + 1, FIND(")", G74) - FIND("(" , G74) - 1)) & " = " & TRIM(LEFT(G74, FIND("(" , G74) - 1)))) -> RAV = Ravnica: City of Guilds
A75: 1 Winged Portent (VOW) 89 | B75: =if(A75="","", LEFT(A75, FIND(" ", A75)-1)) -> 1 | C75: =if(A75="","",TRIM(MID(A75, FIND(" ", A75)+1, FIND("(", A75)-FIND(" ", A75)-2))) -> Winged Portent | D75: =if(A75="","",VLOOKUP(E75, $J:$K, 2, FALSE)) -> Innistrad: Crimson Vow | E75: =if(A75="","",SUBSTITUTE(SUBSTITUTE(MID(A75, FIND("(", A75), FIND(")", A75) - FIND("(", A75) + 1), "(" , ""), ")" , "")) -> VOW | G75: REX = Jurassic World Collection | J75: =if(M75="","", LEFT(M75, FIND(" = ", M75)-1)) -> REX | K75: =if(M75="","", TRIM(MID(M75, FIND("= ", M75) + 2, LEN(M75)))) -> Jurassic World Collection | M75: =if(G75="","",IF(ISNUMBER(SEARCH("=", G75)), G75, TRIM(MID(G75, FIND("(" , G75) + 1, FIND(")", G75) - FIND("(" , G75) - 1)) & " = " & TRIM(LEFT(G75, FIND("(" , G75) - 1)))) -> REX = Jurassic World Collection
A76: 1 Permission Denied (REX) 17 | B76: =if(A76="","", LEFT(A76, FIND(" ", A76)-1)) -> 1 | C76: =if(A76="","",TRIM(MID(A76, FIND(" ", A76)+1, FIND("(", A76)-FIND(" ", A76)-2))) -> Permission Denied | D76: =if(A76="","",VLOOKUP(E76, $J:$K, 2, FALSE)) -> Jurassic World Collection | E76: =if(A76="","",SUBSTITUTE(SUBSTITUTE(MID(A76, FIND("(", A76), FIND(")", A76) - FIND("(", A76) + 1), "(" , ""), ")" , "")) -> REX | G76: RIX = Rivals of Ixalan | J76: =if(M76="","", LEFT(M76, FIND(" = ", M76)-1)) -> RIX | K76: =if(M76="","", TRIM(MID(M76, FIND("= ", M76) + 2, LEN(M76)))) -> Rivals of Ixalan | M76: =if(G76="","",IF(ISNUMBER(SEARCH("=", G76)), G76, TRIM(MID(G76, FIND("(" , G76) + 1, FIND(")", G76) - FIND("(" , G76) - 1)) & " = " & TRIM(LEFT(G76, FIND("(" , G76) - 1)))) -> RIX = Rivals of Ixalan
A77: 2 Jeska's Will (MKC) 156 | B77: =if(A77="","", LEFT(A77, FIND(" ", A77)-1)) -> 2 | C77: =if(A77="","",TRIM(MID(A77, FIND(" ", A77)+1, FIND("(", A77)-FIND(" ", A77)-2))) -> Jeska's Will | D77: =if(A77="","",VLOOKUP(E77, $J:$K, 2, FALSE)) -> March of the Machine Commander | E77: =if(A77="","",SUBSTITUTE(SUBSTITUTE(MID(A77, FIND("(", A77), FIND(")", A77) - FIND("(", A77) + 1), "(" , ""), ")" , "")) -> MKC | G77: RNA = Ravnica Allegiance | J77: =if(M77="","", LEFT(M77, FIND(" = ", M77)-1)) -> RNA | K77: =if(M77="","", TRIM(MID(M77, FIND("= ", M77) + 2, LEN(M77)))) -> Ravnica Allegiance | M77: =if(G77="","",IF(ISNUMBER(SEARCH("=", G77)), G77, TRIM(MID(G77, FIND("(" , G77) + 1, FIND(")", G77) - FIND("(" , G77) - 1)) & " = " & TRIM(LEFT(G77, FIND("(" , G77) - 1)))) -> RNA = Ravnica Allegiance
A78: 1 Prisoner's Dilemma (MKC) 34 | B78: =if(A78="","", LEFT(A78, FIND(" ", A78)-1)) -> 1 | C78: =if(A78="","",TRIM(MID(A78, FIND(" ", A78)+1, FIND("(", A78)-FIND(" ", A78)-2))) -> Prisoner's Dilemma | D78: =if(A78="","",VLOOKUP(E78, $J:$K, 2, FALSE)) -> March of the Machine Commander | E78: =if(A78="","",SUBSTITUTE(SUBSTITUTE(MID(A78, FIND("(", A78), FIND(")", A78) - FIND("(", A78) + 1), "(" , ""), ")" , "")) -> MKC | G78: SOI = Shadows over Innistrad | J78: =if(M78="","", LEFT(M78, FIND(" = ", M78)-1)) -> SOI | K78: =if(M78="","", TRIM(MID(M78, FIND("= ", M78) + 2, LEN(M78)))) -> Shadows over Innistrad | M78: =if(G78="","",IF(ISNUMBER(SEARCH("=", G78)), G78, TRIM(MID(G78, FIND("(" , G78) + 1, FIND(")", G78) - FIND("(" , G78) - 1)) & " = " & TRIM(LEFT(G78, FIND("(" , G78) - 1)))) -> SOI = Shadows over Innistrad
A79: 3 Trouble in Pairs (MKC) 15 | B79: =if(A79="","", LEFT(A79, FIND(" ", A79)-1)) -> 3 | C79: =if(A79="","",TRIM(MID(A79, FIND(" ", A79)+1, FIND("(", A79)-FIND(" ", A79)-2))) -> Trouble in Pairs | D79: =if(A79="","",VLOOKUP(E79, $J:$K, 2, FALSE)) -> March of the Machine Commander | E79: =if(A79="","",SUBSTITUTE(SUBSTITUTE(MID(A79, FIND("(", A79), FIND(")", A79) - FIND("(", A79) + 1), "(" , ""), ")" , "")) -> MKC | G79: SOM = Scars of Mirrodin | J79: =if(M79="","", LEFT(M79, FIND(" = ", M79)-1)) -> SOM | K79: =if(M79="","", TRIM(MID(M79, FIND("= ", M79) + 2, LEN(M79)))) -> Scars of Mirrodin | M79: =if(G79="","",IF(ISNUMBER(SEARCH("=", G79)), G79, TRIM(MID(G79, FIND("(" , G79) + 1, FIND(")", G79) - FIND("(" , G79) - 1)) & " = " & TRIM(LEFT(G79, FIND("(" , G79) - 1)))) -> SOM = Scars of Mirrodin
A80: 1 Welcoming Vampire (MKC) 91 | B80: =if(A80="","", LEFT(A80, FIND(" ", A80)-1)) -> 1 | C80: =if(A80="","",TRIM(MID(A80, FIND(" ", A80)+1, FIND("(", A80)-FIND(" ", A80)-2))) -> Welcoming Vampire | D80: =if(A80="","",VLOOKUP(E80, $J:$K, 2, FALSE)) -> March of the Machine Commander | E80: =if(A80="","",SUBSTITUTE(SUBSTITUTE(MID(A80, FIND("(", A80), FIND(")", A80) - FIND("(", A80) + 1), "(" , ""), ")" , "")) -> MKC | G80: THB = Theros Beyond Death | J80: =if(M80="","", LEFT(M80, FIND(" = ", M80)-1)) -> THB | K80: =if(M80="","", TRIM(MID(M80, FIND("= ", M80) + 2, LEN(M80)))) -> Theros Beyond Death | M80: =if(G80="","",IF(ISNUMBER(SEARCH("=", G80)), G80, TRIM(MID(G80, FIND("(" , G80) + 1, FIND(")", G80) - FIND("(" , G80) - 1)) & " = " & TRIM(LEFT(G80, FIND("(" , G80) - 1)))) -> THB = Theros Beyond Death
A81: 1 Anzrag's Rampage (MKM) 111 | B81: =if(A81="","", LEFT(A81, FIND(" ", A81)-1)) -> 1 | C81: =if(A81="","",TRIM(MID(A81, FIND(" ", A81)+1, FIND("(", A81)-FIND(" ", A81)-2))) -> Anzrag's Rampage | D81: =if(A81="","",VLOOKUP(E81, $J:$K, 2, FALSE)) -> Midnight Hunt Commander | E81: =if(A81="","",SUBSTITUTE(SUBSTITUTE(MID(A81, FIND("(", A81), FIND(")", A81) - FIND("(", A81) + 1), "(" , ""), ")" , "")) -> MKM | G81: THS = Theros | J81: =if(M81="","", LEFT(M81, FIND(" = ", M81)-1)) -> THS | K81: =if(M81="","", TRIM(MID(M81, FIND("= ", M81) + 2, LEN(M81)))) -> Theros | M81: =if(G81="","",IF(ISNUMBER(SEARCH("=", G81)), G81, TRIM(MID(G81, FIND("(" , G81) + 1, FIND(")", G81) - FIND("(" , G81) - 1)) & " = " & TRIM(LEFT(G81, FIND("(" , G81) - 1)))) -> THS = Theros
A82: 2 Delney, Streetwise Lookout (MKM) 12 | B82: =if(A82="","", LEFT(A82, FIND(" ", A82)-1)) -> 2 | C82: =if(A82="","",TRIM(MID(A82, FIND(" ", A82)+1, FIND("(", A82)-FIND(" ", A82)-2))) -> Delney, Streetwise Lookout | D82: =if(A82="","",VLOOKUP(E82, $J:$K, 2, FALSE)) -> Midnight Hunt Commander | E82: =if(A82="","",SUBSTITUTE(SUBSTITUTE(MID(A82, FIND("(", A82), FIND(")", A82) - FIND("(", A82) + 1), "(" , ""), ")" , "")) -> MKM | G82: TSP = Time Spiral | J82: =if(M82="","", LEFT(M82, FIND(" = ", M82)-1)) -> TSP | K82: =if(M82="","", TRIM(MID(M82, FIND("= ", M82) + 2, LEN(M82)))) -> Time Spiral | M82: =if(G82="","",IF(ISNUMBER(SEARCH("=", G82)), G82, TRIM(MID(G82, FIND("(" , G82) + 1, FIND(")", G82) - FIND("(" , G82) - 1)) & " = " & TRIM(LEFT(G82, FIND("(" , G82) - 1)))) -> TSP = Time Spiral
A83: 1 Demand Answers (MKM) 122 | B83: =if(A83="","", LEFT(A83, FIND(" ", A83)-1)) -> 1 | C83: =if(A83="","",TRIM(MID(A83, FIND(" ", A83)+1, FIND("(", A83)-FIND(" ", A83)-2))) -> Demand Answers | D83: =if(A83="","",VLOOKUP(E83, $J:$K, 2, FALSE)) -> Midnight Hunt Commander | E83: =if(A83="","",SUBSTITUTE(SUBSTITUTE(MID(A83, FIND("(", A83), FIND(")", A83) - FIND("(", A83) + 1), "(" , ""), ")" , "")) -> MKM | G83: TSR = Time Spiral Remastered | J83: =if(M83="","", LEFT(M83, FIND(" = ", M83)-1)) -> TSR | K83: =if(M83="","", TRIM(MID(M83, FIND("= ", M83) + 2, LEN(M83)))) -> Time Spiral Remastered | M83: =if(G83="","",IF(ISNUMBER(SEARCH("=", G83)), G83, TRIM(MID(G83, FIND("(" , G83) + 1, FIND(")", G83) - FIND("(" , G83) - 1)) & " = " & TRIM(LEFT(G83, FIND("(" , G83) - 1)))) -> TSR = Time Spiral Remastered
A84: 1 Doorkeeper Thrull (MKM) 13 | B84: =if(A84="","", LEFT(A84, FIND(" ", A84)-1)) -> 1 | C84: =if(A84="","",TRIM(MID(A84, FIND(" ", A84)+1, FIND("(", A84)-FIND(" ", A84)-2))) -> Doorkeeper Thrull | D84: =if(A84="","",VLOOKUP(E84, $J:$K, 2, FALSE)) -> Midnight Hunt Commander | E84: =if(A84="","",SUBSTITUTE(SUBSTITUTE(MID(A84, FIND("(", A84), FIND(")", A84) - FIND("(", A84) + 1), "(" , ""), ")" , "")) -> MKM | G84: UMA = Ultimate Masters | J84: =if(M84="","", LEFT(M84, FIND(" = ", M84)-1)) -> UMA | K84: =if(M84="","", TRIM(MID(M84, FIND("= ", M84) + 2, LEN(M84)))) -> Ultimate Masters | M84: =if(G84="","",IF(ISNUMBER(SEARCH("=", G84)), G84, TRIM(MID(G84, FIND("(" , G84) + 1, FIND(")", G84) - FIND("(" , G84) - 1)) & " = " & TRIM(LEFT(G84, FIND("(" , G84) - 1)))) -> UMA = Ultimate Masters
... A95: 1 Brainsurge (MH3) 53 | B95: =if(A95="","", LEFT(A95, FIND(" ", A95)-1)) -> 1 | C95: =if(A95="","",TRIM(MID(A95, FIND(" ", A95)+1, FIND("(", A95)-FIND(" ", A95)-2))) -> Brainsurge | D95: =if(A95="","",VLOOKUP(E95, $J:$K, 2, FALSE)) -> Modern Horizons 3 | E95: =if(A95="","",SUBSTITUTE(SUBSTITUTE(MID(A95, FIND("(", A95), FIND(")", A95) - FIND("(", A95) + 1), "(" , ""), ")" , "")) -> MH3 | G95: Commander Collection: Green (CC1) | J95: =if(M95="","", LEFT(M95, FIND(" = ", M95)-1)) -> CC1 | K95: =if(M95="","", TRIM(MID(M95, FIND("= ", M95) + 2, LEN(M95)))) -> Commander Collection: Green | M95: =if(G95="","",IF(ISNUMBER(SEARCH("=", G95)), G95, TRIM(MID(G95, FIND("(" , G95) + 1, FIND(")", G95) - FIND("(" , G95) - 1)) & " = " & TRIM(LEFT(G95, FIND("(" , G95) - 1)))) -> CC1 = Commander Collection: Green
A96: 2 Chthonian Nightmare (MH3) 83 | B96: =if(A96="","", LEFT(A96, FIND(" ", A96)-1)) -> 2 | C96: =if(A96="","",TRIM(MID(A96, FIND(" ", A96)+1, FIND("(", A96)-FIND(" ", A96)-2))) -> Chthonian Nightmare | D96: =if(A96="","",VLOOKUP(E96, $J:$K, 2, FALSE)) -> Modern Horizons 3 | E96: =if(A96="","",SUBSTITUTE(SUBSTITUTE(MID(A96, FIND("(", A96), FIND(")", A96) - FIND("(", A96) + 1), "(" , ""), ")" , "")) -> MH3 | G96: Fallout (PIP) | J96: =if(M96="","", LEFT(M96, FIND(" = ", M96)-1)) -> PIP | K96: =if(M96="","", TRIM(MID(M96, FIND("= ", M96) + 2, LEN(M96)))) -> Fallout | M96: =IF(G96="","",IF(ISNUMBER(SEARCH("=", G96)), G96, TRIM(MID(G96, FIND("(" , G96) + 1, FIND(")", G96) - FIND("(" , G96) - 1)) & " = " & TRIM(LEFT(G96, FIND("(" , G96) - 1)))) -> PIP = Fallout
A97: 3 Collective Resistance (MH3) 147 | B97: =if(A97="","", LEFT(A97, FIND(" ", A97)-1)) -> 3 | C97: =if(A97="","",TRIM(MID(A97, FIND(" ", A97)+1, FIND("(", A97)-FIND(" ", A97)-2))) -> Collective Resistance | D97: =if(A97="","",VLOOKUP(E97, $J:$K, 2, FALSE)) -> Modern Horizons 3 | E97: =if(A97="","",SUBSTITUTE(SUBSTITUTE(MID(A97, FIND("(", A97), FIND(")", A97) - FIND("(", A97) + 1), "(" , ""), ")" , "")) -> MH3 | J97: =if(M97="","", LEFT(M97, FIND(" = ", M97)-1)) | K97: =if(M97="","", TRIM(MID(M97, FIND("= ", M97) + 2, LEN(M97)))) | M97: =IF(G97="","",IF(ISNUMBER(SEARCH("=", G97)), G97, TRIM(MID(G97, FIND("(" , G97) + 1, FIND(")", G97) - FIND("(" , G97) - 1)) & " = " & TRIM(LEFT(G97, FIND("(" , G97) - 1))))
A98: 1 Consign to Memory (MH3) 54 | B98: =if(A98="","", LEFT(A98, FIND(" ", A98)-1)) -> 1 | C98: =if(A98="","",TRIM(MID(A98, FIND(" ", A98)+1, FIND("(", A98)-FIND(" ", A98)-2))) -> Consign to Memory | D98: =if(A98="","",VLOOKUP(E98, $J:$K, 2, FALSE)) -> Modern Horizons 3 | E98: =if(A98="","",SUBSTITUTE(SUBSTITUTE(MID(A98, FIND("(", A98), FIND(")", A98) - FIND("(", A98) + 1), "(" , ""), ")" , "")) -> MH3 | J98: =if(M98="","", LEFT(M98, FIND(" = ", M98)-1)) | K98: =if(M98="","", TRIM(MID(M98, FIND("= ", M98) + 2, LEN(M98)))) | M98: =IF(G98="","",IF(ISNUMBER(SEARCH("=", G98)), G98, TRIM(MID(G98, FIND("(" , G98) + 1, FIND(")", G98) - FIND("(" , G98) - 1)) & " = " & TRIM(LEFT(G98, FIND("(" , G98) - 1))))
A99: 1 Disruptor Flute (MH3) 209 | B99: =if(A99="","", LEFT(A99, FIND(" ", A99)-1)) -> 1 | C99: =if(A99="","",TRIM(MID(A99, FIND(" ", A99)+1, FIND("(", A99)-FIND(" ", A99)-2))) -> Disruptor Flute | D99: =if(A99="","",VLOOKUP(E99, $J:$K, 2, FALSE)) -> Modern Horizons 3 | E99: =if(A99="","",SUBSTITUTE(SUBSTITUTE(MID(A99, FIND("(", A99), FIND(")", A99) - FIND("(", A99) + 1), "(" , ""), ")" , "")) -> MH3 | J99: =if(M99="","", LEFT(M99, FIND(" = ", M99)-1)) | K99: =if(M99="","", TRIM(MID(M99, FIND("= ", M99) + 2, LEN(M99)))) | M99: =IF(G99="","",IF(ISNUMBER(SEARCH("=", G99)), G99, TRIM(MID(G99, FIND("(" , G99) + 1, FIND(")", G99) - FIND("(" , G99) - 1)) & " = " & TRIM(LEFT(G99, FIND("(" , G99) - 1))))
A100: 1 Emrakul's Messenger (MH3) 61 | B100: =if(A100="","", LEFT(A100, FIND(" ", A100)-1)) -> 1 | C100: =if(A100="","",TRIM(MID(A100, FIND(" ", A100)+1, FIND("(", A100)-FIND(" ", A100)-2))) -> Emrakul's Messenger | D100: =if(A100="","",VLOOKUP(E100, $J:$K, 2, FALSE)) -> Modern Horizons 3 | E100: =if(A100="","",SUBSTITUTE(SUBSTITUTE(MID(A100, FIND("(", A100), FIND(")", A100) - FIND("(", A100) + 1), "(" , ""), ")" , "")) -> MH3 | J100: =if(M100="","", LEFT(M100, FIND(" = ", M100)-1)) | K100: =if(M100="","", TRIM(MID(M100, FIND("= ", M100) + 2, LEN(M100)))) | M100: =IF(G100="","",IF(ISNUMBER(SEARCH("=", G100)), G100, TRIM(MID(G100, FIND("(" , G100) + 1, FIND(")", G100) - FIND("(" , G100) - 1)) & " = " & TRIM(LEFT(G100, FIND("(" , G100) - 1))))
A101: 4 Flare of Cultivation (MH3) 154 | B101: =if(A101="","", LEFT(A101, FIND(" ", A101)-1)) -> 4 | C101: =if(A101="","",TRIM(MID(A101, FIND(" ", A101)+1, FIND("(", A101)-FIND(" ", A101)-2))) -> Flare of Cultivation | D101: =if(A101="","",VLOOKUP(E101, $J:$K, 2, FALSE)) -> Modern Horizons 3 | E101: =if(A101="","",SUBSTITUTE(SUBSTITUTE(MID(A101, FIND("(", A101), FIND(")", A101) - FIND("(", A101) + 1), "(" , ""), ")" , "")) -> MH3 | J101: =if(M101="","", LEFT(M101, FIND(" = ", M101)-1)) | K101: =if(M101="","", TRIM(MID(M101, FIND("= ", M101) + 2, LEN(M101)))) | M101: =IF(G101="","",IF(ISNUMBER(SEARCH("=", G101)), G101, TRIM(MID(G101, FIND("(" , G101) + 1, FIND(")", G101) - FIND("(" , G101) - 1)) & " = " & TRIM(LEFT(G101, FIND("(" , G101) - 1))))
A102: 1 Flare of Denial (MH3) 62 | B102: =if(A102="","", LEFT(A102, FIND(" ", A102)-1)) -> 1 | C102: =if(A102="","",TRIM(MID(A102, FIND(" ", A102)+1, FIND("(", A102)-FIND(" ", A102)-2))) -> Flare of Denial | D102: =if(A102="","",VLOOKUP(E102, $J:$K, 2, FALSE)) -> Modern Horizons 3 | E102: =if(A102="","",SUBSTITUTE(SUBSTITUTE(MID(A102, FIND("(", A102), FIND(")", A102) - FIND("(", A102) + 1), "(" , ""), ")" , "")) -> MH3 | J102: =if(M102="","", LEFT(M102, FIND(" = ", M102)-1)) | K102: =if(M102="","", TRIM(MID(M102, FIND("= ", M102) + 2, LEN(M102)))) | M102: =IF(G102="","",IF(ISNUMBER(SEARCH("=", G102)), G102, TRIM(MID(G102, FIND("(" , G102) + 1, FIND(")", G102) - FIND("(" , G102) - 1)) & " = " & TRIM(LEFT(G102, FIND("(" , G102) - 1))))
A103: 1 Flare of Duplication (MH3) 119 | B103: =if(A103="","", LEFT(A103, FIND(" ", A103)-1)) -> 1 | C103: =if(A103="","",TRIM(MID(A103, FIND(" ", A103)+1, FIND("(", A103)-FIND(" ", A103)-2))) -> Flare of Duplication | D103: =if(A103="","",VLOOKUP(E103, $J:$K, 2, FALSE)) -> Modern Horizons 3 | E103: =if(A103="","",SUBSTITUTE(SUBSTITUTE(MID(A103, FIND("(", A103), FIND(")", A103) - FIND("(", A103) + 1), "(" , ""), ")" , "")) -> MH3 | J103: =if(M103="","", LEFT(M103, FIND(" = ", M103)-1)) | K103: =if(M103="","", TRIM(MID(M103, FIND("= ", M103) + 2, LEN(M103)))) | M103: =IF(G103="","",IF(ISNUMBER(SEARCH("=", G103)), G103, TRIM(MID(G103, FIND("(" , G103) + 1, FIND(")", G103) - FIND("(" , G103) - 1)) & " = " & TRIM(LEFT(G103, FIND("(" , G103) - 1))))
A104: 8 Flare of Fortitude (MH3) 26 | B104: =if(A104="","", LEFT(A104, FIND(" ", A104)-1)) -> 8 | C104: =if(A104="","",TRIM(MID(A104, FIND(" ", A104)+1, FIND("(", A104)-FIND(" ", A104)-2))) -> Flare of Fortitude | D104: =if(A104="","",VLOOKUP(E104, $J:$K, 2, FALSE)) -> Modern Horizons 3 | E104: =if(A104="","",SUBSTITUTE(SUBSTITUTE(MID(A104, FIND("(", A104), FIND(")", A104) - FIND("(", A104) + 1), "(" , ""), ")" , "")) -> MH3 | J104: =if(M104="","", LEFT(M104, FIND(" = ", M104)-1)) | K104: =if(M104="","", TRIM(MID(M104, FIND("= ", M104) + 2, LEN(M104)))) | M104: =IF(G104="","",IF(ISNUMBER(SEARCH("=", G104)), G104, TRIM(MID(G104, FIND("(" , G104) + 1, FIND(")", G104) - FIND("(" , G104) - 1)) & " = " & TRIM(LEFT(G104, FIND("(" , G104) - 1))))
A105: 1 Flare of Malice (MH3) 95 | B105: =if(A105="","", LEFT(A105, FIND(" ", A105)-1)) -> 1 | C105: =if(A105="","",TRIM(MID(A105, FIND(" ", A105)+1, FIND("(", A105)-FIND(" ", A105)-2))) -> Flare of Malice | D105: =if(A105="","",VLOOKUP(E105, $J:$K, 2, FALSE)) -> Modern Horizons 3 | E105: =if(A105="","",SUBSTITUTE(SUBSTITUTE(MID(A105, FIND("(", A105), FIND(")", A105) - FIND("(", A105) + 1), "(" , ""), ")" , "")) -> MH3 | J105: =if(M105="","", LEFT(M105, FIND(" = ", M105)-1)) | K105: =if(M105="","", TRIM(MID(M105, FIND("= ", M105) + 2, LEN(M105)))) | M105: =IF(G105="","",IF(ISNUMBER(SEARCH("=", G105)), G105, TRIM(MID(G105, FIND("(" , G105) + 1, FIND(")", G105) - FIND("(" , G105) - 1)) & " = " & TRIM(LEFT(G105, FIND("(" , G105) - 1))))
A106: 1 Grim Servant (MH3) 97 | B106: =if(A106="","", LEFT(A106, FIND(" ", A106)-1)) -> 1 | C106: =if(A106="","",TRIM(MID(A106, FIND(" ", A106)+1, FIND("(", A106)-FIND(" ", A106)-2))) -> Grim Servant | D106: =if(A106="","",VLOOKUP(E106, $J:$K, 2, FALSE)) -> Modern Horizons 3 | E106: =if(A106="","",SUBSTITUTE(SUBSTITUTE(MID(A106, FIND("(", A106), FIND(")", A106) - FIND("(", A106) + 1), "(" , ""), ")" , "")) -> MH3 | J106: =if(M106="","", LEFT(M106, FIND(" = ", M106)-1)) | K106: =if(M106="","", TRIM(MID(M106, FIND("= ", M106) + 2, LEN(M106)))) | M106: =IF(G106="","",IF(ISNUMBER(SEARCH("=", G106)), G106, TRIM(MID(G106, FIND("(" , G106) + 1, FIND(")", G106) - FIND("(" , G106) - 1)) & " = " & TRIM(LEFT(G106, FIND("(" , G106) - 1))))
A107: 2 Guide of Souls (MH3) 29 | B107: =if(A107="","", LEFT(A107, FIND(" ", A107)-1)) -> 2 | C107: =if(A107="","",TRIM(MID(A107, FIND(" ", A107)+1, FIND("(", A107)-FIND(" ", A107)-2))) -> Guide of Souls | D107: =if(A107="","",VLOOKUP(E107, $J:$K, 2, FALSE)) -> Modern Horizons 3 | E107: =if(A107="","",SUBSTITUTE(SUBSTITUTE(MID(A107, FIND("(", A107), FIND(")", A107) - FIND("(", A107) + 1), "(" , ""), ")" , "")) -> MH3 | J107: =if(M107="","", LEFT(M107, FIND(" = ", M107)-1)) | K107: =if(M107="","", TRIM(MID(M107, FIND("= ", M107) + 2, LEN(M107)))) | M107: =IF(G107="","",IF(ISNUMBER(SEARCH("=", G107)), G107, TRIM(MID(G107, FIND("(" , G107) + 1, FIND(")", G107) - FIND("(" , G107) - 1)) & " = " & TRIM(LEFT(G107, FIND("(" , G107) - 1))))
A108: 1 Marionette Apprentice (MH3) 100 | B108: =if(A108="","", LEFT(A108, FIND(" ", A108)-1)) -> 1 | C108: =if(A108="","",TRIM(MID(A108, FIND(" ", A108)+1, FIND("(", A108)-FIND(" ", A108)-2))) -> Marionette Apprentice | D108: =if(A108="","",VLOOKUP(E108, $J:$K, 2, FALSE)) -> Modern Horizons 3 | E108: =if(A108="","",SUBSTITUTE(SUBSTITUTE(MID(A108, FIND("(", A108), FIND(")", A108) - FIND("(", A108) + 1), "(" , ""), ")" , "")) -> MH3 | J108: =if(M108="","", LEFT(M108, FIND(" = ", M108)-1)) | K108: =if(M108="","", TRIM(MID(M108, FIND("= ", M108) + 2, LEN(M108)))) | M108: =IF(G108="","",IF(ISNUMBER(SEARCH("=", G108)), G108, TRIM(MID(G108, FIND("(" , G108) + 1, FIND(")", G108) - FIND("(" , G108) - 1)) & " = " & TRIM(LEFT(G108, FIND("(" , G108) - 1))))
... A114: 2 Six (MH3) 169 | B114: =if(A114="","", LEFT(A114, FIND(" ", A114)-1)) -> 2 | C114: =if(A114="","",TRIM(MID(A114, FIND(" ", A114)+1, FIND("(", A114)-FIND(" ", A114)-2))) -> Six | D114: =if(A114="","",VLOOKUP(E114, $J:$K, 2, FALSE)) -> Modern Horizons 3 | E114: =if(A114="","",SUBSTITUTE(SUBSTITUTE(MID(A114, FIND("(", A114), FIND(")", A114) - FIND("(", A114) + 1), "(" , ""), ")" , "")) -> MH3 | J114: =if(M114="","", LEFT(M114, FIND(" = ", M114)-1)) | K114: =if(M114="","", TRIM(MID(M114, FIND("= ", M114) + 2, LEN(M114)))) | M114: =IF(G114="","",IF(ISNUMBER(SEARCH("=", G114)), G114, TRIM(MID(G114, FIND("(" , G114) + 1, FIND(")", G114) - FIND("(" , G114) - 1)) & " = " & TRIM(LEFT(G114, FIND("(" , G114) - 1))))
A115: 1 Sorin of House Markov // Sorin, Ravenous Neonate (MH3) 245 | B115: =if(A115="","", LEFT(A115, FIND(" ", A115)-1)) -> 1 | C115: =if(A115="","",TRIM(MID(A115, FIND(" ", A115)+1, FIND("(", A115)-FIND(" ", A115)-2))) -> Sorin of House Markov // Sorin, Ravenous Neonate | D115: =if(A115="","",VLOOKUP(E115, $J:$K, 2, FALSE)) -> Modern Horizons 3 | E115: =if(A115="","",SUBSTITUTE(SUBSTITUTE(MID(A115, FIND("(", A115), FIND(")", A115) - FIND("(", A115) + 1), "(" , ""), ")" , "")) -> MH3 | J115: CC1 | K115: Commander Collection: Green
A116: 1 Springheart Nantuko (MH3) 171 | B116: =if(A116="","", LEFT(A116, FIND(" ", A116)-1)) -> 1 | C116: =if(A116="","",TRIM(MID(A116, FIND(" ", A116)+1, FIND("(", A116)-FIND(" ", A116)-2))) -> Springheart Nantuko | D116: =if(A116="","",VLOOKUP(E116, $J:$K, 2, FALSE)) -> Modern Horizons 3 | E116: =if(A116="","",SUBSTITUTE(SUBSTITUTE(MID(A116, FIND("(", A116), FIND(")", A116) - FIND("(", A116) + 1), "(" , ""), ")" , "")) -> MH3 | J116: CMR | K116: Commander Legends
A117: 2 Spymaster's Vault (MH3) 230 | B117: =if(A117="","", LEFT(A117, FIND(" ", A117)-1)) -> 2 | C117: =if(A117="","",TRIM(MID(A117, FIND(" ", A117)+1, FIND("(", A117)-FIND(" ", A117)-2))) -> Spymaster's Vault | D117: =if(A117="","",VLOOKUP(E117, $J:$K, 2, FALSE)) -> Modern Horizons 3 | E117: =if(A117="","",SUBSTITUTE(SUBSTITUTE(MID(A117, FIND("(", A117), FIND(")", A117) - FIND("(", A117) + 1), "(" , ""), ")" , "")) -> MH3 | J117: 2XM | K117: Double Masters
A118: 1 Ulamog, the Defiler (MH3) 15 | B118: =if(A118="","", LEFT(A118, FIND(" ", A118)-1)) -> 1 | C118: =if(A118="","",TRIM(MID(A118, FIND(" ", A118)+1, FIND("(", A118)-FIND(" ", A118)-2))) -> Ulamog, the Defiler | D118: =if(A118="","",VLOOKUP(E118, $J:$K, 2, FALSE)) -> Modern Horizons 3 | E118: =if(A118="","",SUBSTITUTE(SUBSTITUTE(MID(A118, FIND("(", A118), FIND(")", A118) - FIND("(", A118) + 1), "(" , ""), ")" , "")) -> MH3 | J118: JMP | K118: Jumpstart
A119: 6 Urza's Cave (MH3) 234 | B119: =if(A119="","", LEFT(A119, FIND(" ", A119)-1)) -> 6 | C119: =if(A119="","",TRIM(MID(A119, FIND(" ", A119)+1, FIND("(", A119)-FIND(" ", A119)-2))) -> Urza's Cave | D119: =if(A119="","",VLOOKUP(E119, $J:$K, 2, FALSE)) -> Modern Horizons 3 | E119: =if(A119="","",SUBSTITUTE(SUBSTITUTE(MID(A119, FIND("(", A119), FIND(")", A119) - FIND("(", A119) + 1), "(" , ""), ")" , "")) -> MH3 | J119: M21 | K119: Core Set 2021
...

Sheet Colors to built
C1: Own | E1: Under construction | G1: To build | I1: To finish
A2: Decks | C2: =COUNTa(C3:C42) -> 24 | E2: =COUNTa(E3:E42) -> 7 | G2: =COUNTIF(G3:G35,"X") -> 0 | I2: =E2+G2 -> 7
A3: Colorless | E3: Liberator, Urza's Battlethopter | G3: =if(COUNTA(C3:E3)=0,"X","")
A4: Mono Black | G4: 1/1 death
A5: Mono Red | E5: Plargg and Nassari | G5: =if(COUNTA(C5:E5)=0,"X","")
A6: Mono Green | C6: Sasaya | G6: =if(COUNTA(C6:E6)=0,"X","")
A7: Mono Blue | C7: Minn, Wily Illusionist | G7: =if(COUNTA(C7:E7)=0,"X","")
A8: Mono White | C8: Sram, Senior Edificer | G8: =if(COUNTA(C8:E8)=0,"X","")
A9: Azorius | C9: Taigam | G9: =if(COUNTA(C9:E9)=0,"X","")
A10: Orzhov | C10: Teysa, Orzhov Scion | G10: =if(COUNTA(C10:E10)=0,"X","")
A11: Selesnya | C11: Synthis | G11: =if(COUNTA(C11:E11)=0,"X","")
A12: Boros | C12: Feather, the Redeemed | G12: =if(COUNTA(C12:E12)=0,"X","")
A13: Gruul | C13: Wort | G13: https://edhrec.com/commanders/durnan-of-the-yawning-portal-passionate-archaeologist
A14: Izzet | C14: Ghyrson Starn, Kelermorph | G14: =if(COUNTA(C14:E14)=0,"X","")
A15: Rakdos | C15: Obosh, the Preypiercer | G15: =if(COUNTA(C15:E15)=0,"X","")
A16: Golgari | G16: ??
A17: Dimir | C17: Oona | G17: =if(COUNTA(C17:E17)=0,"X","")
A18: Simic | E18: Sakashima & Kodama East Tree
A19: Abzan | C19: Life Gain | G19: =if(COUNTA(C19:E19)=0,"X","")
A20: Abzan 2 | C20: Netheroi
A21: Bant | C21: Derevi, Empyrial Tactician | G21: =if(COUNTA(C21:E21)=0,"X","")
A22: Esper | C22: Sen triplets | G22: =if(COUNTA(C22:E22)=0,"X","")
A23: Grixis | C23: Marchesa, the Black Rose | G23: =if(COUNTA(C23:E23)=0,"X","")
A24: Jeskai | C24: Earthquak tribal | G24: =if(COUNTA(C24:E24)=0,"X","")
A25: Jund | E25: Ziatora The Incinerator | G25: =if(COUNTA(C25:E25)=0,"X","") | I25: https://edhrec.com/commanders/ziatora-the-incinerator?f=in%3DBall%20Lightning%3Bin%3DGwenna%2C%20Eyes%20of%20Gaea
A26: Mardu | C26: Tariel, Reckoner of Souls | G26: =if(COUNTA(C26:E26)=0,"X","")
A27: Naya | C27: JetMir | G27: =if(COUNTA(C27:E27)=0,"X","")
A28: Sultai | C28: Damia | G28: =if(COUNTA(C28:E28)=0,"X","")
A29: Temur | C29: Ghidorah | G29: =if(COUNTA(C29:E29)=0,"X","")
A30: Glint -W | E30: -1/-1 counters
A31: Dune -B | C31: Saskia the Unyielding | G31: =if(COUNTA(C31:E31)=0,"X","")
A32: Ink -B | E32: Omnath | G32: =if(COUNTA(C32:E32)=0,"X","")
A33: Witch -R | E33: Alll the counters | G33: =if(COUNTA(C33:E33)=0,"X","")
A34: Yore - G | C34: Breya, Etherium Shaper | G34: =if(COUNTA(C34:E34)=0,"X","")
A35: WURBG | C35: Scion The ur dragon | G35: =if(COUNTA(C35:E35)=0,"X","")
A44: Goal
A45: =COUNTa(A3:A41) -> 33

Sheet History
A1: Date | B1: Deck Names | C1: Wins | D1: Losses | E1: Last | J1: Date | K1: Wins | L1: Losses | N1: Selected Deck:
A2: 45055 | B2: Ghyrson Starn, Kelermorph | C2: 2 | D2: 6 | N2: =Score!Z9 -> All
A3: 45055 | B3: Taigam, Ojutai Master | C3: 3 | D3: 8
A4: 45055 | B4: Saskia the Unyielding | C4: 7 | D4: 16 | N4: {=UNIQUE(B:B)} -> Deck Names
A5: 45055 | B5: Nethroi, Apex of Death | C5: 2 | D5: 4 | N5: Ghyrson Starn, Kelermorph
A6: 45055 | B6: Illuna / Ghidorah | C6: 4 | D6: 8 | N6: Taigam, Ojutai Master
A7: 45055 | B7: Breya, Etherium Shaper | C7: 10 | D7: 15 | N7: Saskia the Unyielding
A8: 45055 | B8: Marchesa, the Black Rose | C8: 12 | D8: 18 | N8: Nethroi, Apex of Death
A9: 45055 | B9: Obosh, the Preypiercer | C9: 13 | D9: 18 | N9: Illuna / Ghidorah
A10: 45055 | B10: Ikra // Tymna | C10: 8 | D10: 11 | N10: Breya, Etherium Shaper
A11: 45055 | B11: Derevi, Empyrial Tactician | C11: 9 | D11: 12 | N11: Marchesa, the Black Rose
A12: 45055 | B12: Tariel, Reckoner of Souls | C12: 10 | D12: 12 | N12: Obosh, the Preypiercer
A13: 45055 | B13: Scion, The Ur Dragon | C13: 6 | D13: 6 | N13: Ikra // Tymna
A14: 45055 | B14: Wort, The raid Mother | C14: 9 | D14: 6 | N14: Derevi, Empyrial Tactician
A15: 45055 | B15: Sram, Senior Edificer | C15: 9 | D15: 6 | N15: Tariel, Reckoner of Souls
A16: 45055 | B16: Jetmir, Nexus of Revels | C16: 5 | D16: 3 | N16: Scion, The Ur Dragon
... A24: 45055 | B24: Sythis, Harvest's Hand | C24: 11 | D24: 4 | N24: Kykar, Wind's Fury
A25: 45055 | B25: Teysa, Orzhov Scion | C25: 11 | D25: 3 | G25: 189 | H25: 186 | J25: =IFERROR(__xludf.DUMMYFUNCTION("IF($N$2=""All"", FILTER($A:$A, LEN($G:$G)>0), FILTER($A:$A, ISNUMBER(SEARCH($N$2, $B:$B)))) "),45055.0) -> 45055 | K25: =IFERROR(__xludf.DUMMYFUNCTION("IF($N$2=""All"", FILTER($G:$G, LEN($G:$G)>0), FILTER($C:$C, ISNUMBER(SEARCH($N$2, $B:$B)))) "),189.0) -> 189 | L25: =IFERROR(__xludf.DUMMYFUNCTION("IF($N$2=""All"", FILTER($H:$H, LEN($G:$G)>0), FILTER($D:$D, ISNUMBER(SEARCH($N$2, $B:$B)))) "),186.0) -> 186 | N25: Sen Triplets
A26: 45059 | B26: Ghyrson Starn, Kelermorph | C26: 3 | D26: 6 | E26: Win | G26: 190 | H26: 186 | J26: =IFERROR(__xludf.DUMMYFUNCTION("""COMPUTED_VALUE"""),45059.0) -> 45059 | K26: =IFERROR(__xludf.DUMMYFUNCTION("""COMPUTED_VALUE"""),190.0) -> 190 | L26: =IFERROR(__xludf.DUMMYFUNCTION("""COMPUTED_VALUE"""),186.0) -> 186 | N26: Oona, Queen of Fae
A27: 45059 | B27: Ikra // Tymna | C27: 9 | D27: 11 | E27: Win | G27: 191 | H27: 186 | J27: =IFERROR(__xludf.DUMMYFUNCTION("""COMPUTED_VALUE"""),45059.0) -> 45059 | K27: =IFERROR(__xludf.DUMMYFUNCTION("""COMPUTED_VALUE"""),191.0) -> 191 | L27: =IFERROR(__xludf.DUMMYFUNCTION("""COMPUTED_VALUE"""),186.0) -> 186 | N27: Sythis, Harvest's Hand
A28: 45059 | B28: Illuna / Ghidorah | C28: 4 | D28: 9 | E28: Loss | G28: 191 | H28: 187 | J28: =IFERROR(__xludf.DUMMYFUNCTION("""COMPUTED_VALUE"""),45059.0) -> 45059 | K28: =IFERROR(__xludf.DUMMYFUNCTION("""COMPUTED_VALUE"""),191.0) -> 191 | L28: =IFERROR(__xludf.DUMMYFUNCTION("""COMPUTED_VALUE"""),187.0) -> 187 | N28: Teysa, Orzhov Scion
A29: 45059 | B29: Scion, The Ur Dragon | C29: 7 | D29: 6 | E29: Win | G29: 192 | H29: 187 | J29: =IFERROR(__xludf.DUMMYFUNCTION("""COMPUTED_VALUE"""),45059.0) -> 45059 | K29: =IFERROR(__xludf.DUMMYFUNCTION("""COMPUTED_VALUE"""),192.0) -> 192 | L29: =IFERROR(__xludf.DUMMYFUNCTION("""COMPUTED_VALUE"""),187.0) -> 187 | N29: Damia, Sage of Stone
A30: 45059 | B30: Taigam, Ojutai Master | C30: 4 | D30: 8 | E30: Win | G30: 193 | H30: 187 | J30: =IFERROR(__xludf.DUMMYFUNCTION("""COMPUTED_VALUE"""),45059.0) -> 45059 | K30: =IFERROR(__xludf.DUMMYFUNCTION("""COMPUTED_VALUE"""),193.0) -> 193 | L30: =IFERROR(__xludf.DUMMYFUNCTION("""COMPUTED_VALUE"""),187.0) -> 187 | N30: Calix, Guided by Fate
A31: 45065 | B31: Saskia the Unyielding | C31: 7 | D31: 17 | E31: Loss | G31: 193 | H31: 188 | J31: =IFERROR(__xludf.DUMMYFUNCTION("""COMPUTED_VALUE"""),45065.0) -> 45065 | K31: =IFERROR(__xludf.DUMMYFUNCTION("""COMPUTED_VALUE"""),193.0) -> 193 | L31: =IFERROR(__xludf.DUMMYFUNCTION("""COMPUTED_VALUE"""),188.0) -> 188
A32: 45065 | B32: Breya, Etherium Shaper | C32: 10 | D32: 16 | E32: Loss | G32: 193 | H32: 189 | J32: =IFERROR(__xludf.DUMMYFUNCTION("""COMPUTED_VALUE"""),45065.0) -> 45065 | K32: =IFERROR(__xludf.DUMMYFUNCTION("""COMPUTED_VALUE"""),193.0) -> 193 | L32: =IFERROR(__xludf.DUMMYFUNCTION("""COMPUTED_VALUE"""),189.0) -> 189
A33: 45065 | B33: Kykar, Wind's Fury | C33: 11 | D33: 5 | E33: Win | G33: 194 | H33: 189 | J33: =IFERROR(__xludf.DUMMYFUNCTION("""COMPUTED_VALUE"""),45065.0) -> 45065 | K33: =IFERROR(__xludf.DUMMYFUNCTION("""COMPUTED_VALUE"""),194.0) -> 194 | L33: =IFERROR(__xludf.DUMMYFUNCTION("""COMPUTED_VALUE"""),189.0) -> 189
A34: 45065 | B34: Obosh, the Preypiercer | C34: 14 | D34: 18 | E34: Win | G34: 195 | H34: 189 | J34: =IFERROR(__xludf.DUMMYFUNCTION("""COMPUTED_VALUE"""),45065.0) -> 45065 | K34: =IFERROR(__xludf.DUMMYFUNCTION("""COMPUTED_VALUE"""),195.0) -> 195 | L34: =IFERROR(__xludf.DUMMYFUNCTION("""COMPUTED_VALUE"""),189.0) -> 189
A35: 45065 | B35: Ghyrson Starn, Kelermorph | C35: 4 | D35: 6 | E35: Win | G35: 196 | H35: 189 | J35: =IFERROR(__xludf.DUMMYFUNCTION("""COMPUTED_VALUE"""),45065.0) -> 45065 | K35: =IFERROR(__xludf.DUMMYFUNCTION("""COMPUTED_VALUE"""),196.0) -> 196 | L35: =IFERROR(__xludf.DUMMYFUNCTION("""COMPUTED_VALUE"""),189.0) -> 189
A36: 45065 | B36: Nethroi, Apex of Death | C36: 3 | D36: 4 | E36: Win | G36: 197 | H36: 189 | J36: =IFERROR(__xludf.DUMMYFUNCTION("""COMPUTED_VALUE"""),45065.0) -> 45065 | K36: =IFERROR(__xludf.DUMMYFUNCTION("""COMPUTED_VALUE"""),197.0) -> 197 | L36: =IFERROR(__xludf.DUMMYFUNCTION("""COMPUTED_VALUE"""),189.0) -> 189
A37: 45065 | B37: Taigam, Ojutai Master | C37: 4 | D37: 9 | E37: Loss | G37: 197 | H37: 190 | J37: =IFERROR(__xludf.DUMMYFUNCTION("""COMPUTED_VALUE"""),45065.0) -> 45065 | K37: =IFERROR(__xludf.DUMMYFUNCTION("""COMPUTED_VALUE"""),197.0) -> 197 | L37: =IFERROR(__xludf.DUMMYFUNCTION("""COMPUTED_VALUE"""),190.0) -> 190
A38: 45066 | B38: Illuna / Ghidorah | C38: 4 | D38: 10 | E38: Win | G38: 198 | H38: 190 | J38: =IFERROR(__xludf.DUMMYFUNCTION("""COMPUTED_VALUE"""),45066.0) -> 45066 | K38: =IFERROR(__xludf.DUMMYFUNCTION("""COMPUTED_VALUE"""),198.0) -> 198 | L38: =IFERROR(__xludf.DUMMYFUNCTION("""COMPUTED_VALUE"""),190.0) -> 190
A39: 45066 | B39: Jetmir, Nexus of Revels | C39: 6 | D39: 3 | E39: Win | G39: 199 | H39: 190 | J39: =IFERROR(__xludf.DUMMYFUNCTION("""COMPUTED_VALUE"""),45066.0) -> 45066 | K39: =IFERROR(__xludf.DUMMYFUNCTION("""COMPUTED_VALUE"""),199.0) -> 199 | L39: =IFERROR(__xludf.DUMMYFUNCTION("""COMPUTED_VALUE"""),190.0) -> 190
A40: 45066 | B40: Ikra // Tymna | C40: 9 | D40: 12 | E40: Loss | G40: 199 | H40: 191 | J40: =IFERROR(__xludf.DUMMYFUNCTION("""COMPUTED_VALUE"""),45066.0) -> 45066 | K40: =IFERROR(__xludf.DUMMYFUNCTION("""COMPUTED_VALUE"""),199.0) -> 199 | L40: =IFERROR(__xludf.DUMMYFUNCTION("""COMPUTED_VALUE"""),191.0) -> 191
A41: 45066 | B41: Marchesa, the Black Rose | C41: 12 | D41: 19 | E41: Loss | G41: 199 | H41: 192 | J41: =IFERROR(__xludf.DUMMYFUNCTION("""COMPUTED_VALUE"""),45066.0) -> 45066 | K41: =IFERROR(__xludf.DUMMYFUNCTION("""COMPUTED_VALUE"""),199.0) -> 199 | L41: =IFERROR(__xludf.DUMMYFUNCTION("""COMPUTED_VALUE"""),192.0) -> 192
A42: 45066 | B42: Derevi, Empyrial Tactician | C42: 9 | D42: 13 | E42: Loss | G42: 199 | H42: 193 | J42: =IFERROR(__xludf.DUMMYFUNCTION("""COMPUTED_VALUE"""),45066.0) -> 45066 | K42: =IFERROR(__xludf.DUMMYFUNCTION("""COMPUTED_VALUE"""),199.0) -> 199 | L42: =IFERROR(__xludf.DUMMYFUNCTION("""COMPUTED_VALUE"""),193.0) -> 193
A43: 45073 | B43: Tariel, Reckoner of Souls | C43: 11 | D43: 12 | E43: Win | G43: 200 | H43: 193 | J43: =IFERROR(__xludf.DUMMYFUNCTION("""COMPUTED_VALUE"""),45073.0) -> 45073 | K43: =IFERROR(__xludf.DUMMYFUNCTION("""COMPUTED_VALUE"""),200.0) -> 200 | L43: =IFERROR(__xludf.DUMMYFUNCTION("""COMPUTED_VALUE"""),193.0) -> 193
A44: 45073 | B44: Wort, The raid Mother | C44: 9 | D44: 7 | E44: Loss | G44: 200 | H44: 194 | J44: =IFERROR(__xludf.DUMMYFUNCTION("""COMPUTED_VALUE"""),45073.0) -> 45073 | K44: =IFERROR(__xludf.DUMMYFUNCTION("""COMPUTED_VALUE"""),200.0) -> 200 | L44: =IFERROR(__xludf.DUMMYFUNCTION("""COMPUTED_VALUE"""),194.0) -> 194
A45: 45073 | B45: Sram, Senior Edificer | C45: 10 | D45: 6 | E45: Win | G45: 201 | H45: 194 | J45: =IFERROR(__xludf.DUMMYFUNCTION("""COMPUTED_VALUE"""),45073.0) -> 45073 | K45: =IFERROR(__xludf.DUMMYFUNCTION("""COMPUTED_VALUE"""),201.0) -> 201 | L45: =IFERROR(__xludf.DUMMYFUNCTION("""COMPUTED_VALUE"""),194.0) -> 194
A46: 45073 | B46: Feather, the Redeemed | C46: 10 | D46: 5 | E46: Win | G46: 202 | H46: 194 | J46: =IFERROR(__xludf.DUMMYFUNCTION("""COMPUTED_VALUE"""),45073.0) -> 45073 | K46: =IFERROR(__xludf.DUMMYFUNCTION("""COMPUTED_VALUE"""),202.0) -> 202 | L46: =IFERROR(__xludf.DUMMYFUNCTION("""COMPUTED_VALUE"""),194.0) -> 194
A47: 45073 | B47: Damia, Sage of Stone | C47: 2 | D47: 2 | E47: Loss | G47: 202 | H47: 195 | J47: =IFERROR(__xludf.DUMMYFUNCTION("""COMPUTED_VALUE"""),45073.0) -> 45073 | K47: =IFERROR(__xludf.DUMMYFUNCTION("""COMPUTED_VALUE"""),202.0) -> 202 | L47: =IFERROR(__xludf.DUMMYFUNCTION("""COMPUTED_VALUE"""),195.0) -> 195
A48: 45073 | B48: Sasaya, Orochi Ascendant | C48: 7 | D48: 3 | E48: Win | G48: 203 | H48: 195 | J48: =IFERROR(__xludf.DUMMYFUNCTION("""COMPUTED_VALUE"""),45073.0) -> 45073 | K48: =IFERROR(__xludf.DUMMYFUNCTION("""COMPUTED_VALUE"""),203.0) -> 203 | L48: =IFERROR(__xludf.DUMMYFUNCTION("""COMPUTED_VALUE"""),195.0) -> 195
A49: 45073 | B49: Obosh, the Preypiercer | C49: 14 | D49: 19 | E49: Loss | G49: 203 | H49: 196 | J49: =IFERROR(__xludf.DUMMYFUNCTION("""COMPUTED_VALUE"""),45073.0) -> 45073 | K49: =IFERROR(__xludf.DUMMYFUNCTION("""COMPUTED_VALUE"""),203.0) -> 203 | L49: =IFERROR(__xludf.DUMMYFUNCTION("""COMPUTED_VALUE"""),196.0) -> 196
A50: 45073 | B50: Saskia the Unyielding | C50: 7 | D50: 18 | E50: Loss | G50: 203 | H50: 197 | J50: =IFERROR(__xludf.DUMMYFUNCTION("""COMPUTED_VALUE"""),45073.0) -> 45073 | K50: =IFERROR(__xludf.DUMMYFUNCTION("""COMPUTED_VALUE"""),203.0) -> 203 | L50: =IFERROR(__xludf.DUMMYFUNCTION("""COMPUTED_VALUE"""),197.0) -> 197
A51: 45073 | B51: Sen Triplets | C51: 10 | D51: 4 | E51: Win | G51: 204 | H51: 197 | J51: =IFERROR(__xludf.DUMMYFUNCTION("""COMPUTED_VALUE"""),45073.0) -> 45073 | K51: =IFERROR(__xludf.DUMMYFUNCTION("""COMPUTED_VALUE"""),204.0) -> 204 | L51: =IFERROR(__xludf.DUMMYFUNCTION("""COMPUTED_VALUE"""),197.0) -> 197
A52: 45075 | B52: Oona, Queen of Fae | C52: 10 | D52: 5 | E52: Loss | G52: 204 | H52: 198 | J52: =IFERROR(__xludf.DUMMYFUNCTION("""COMPUTED_VALUE"""),45075.0) -> 45075 | K52: =IFERROR(__xludf.DUMMYFUNCTION("""COMPUTED_VALUE"""),204.0) -> 204 | L52: =IFERROR(__xludf.DUMMYFUNCTION("""COMPUTED_VALUE"""),198.0) -> 198
A53: 45075 | B53: Saskia the Unyielding | C53: 8 | D53: 18 | E53: Win | G53: 205 | H53: 198 | J53: =IFERROR(__xludf.DUMMYFUNCTION("""COMPUTED_VALUE"""),45075.0) -> 45075 | K53: =IFERROR(__xludf.DUMMYFUNCTION("""COMPUTED_VALUE"""),205.0) -> 205 | L53: =IFERROR(__xludf.DUMMYFUNCTION("""COMPUTED_VALUE"""),198.0) -> 198
A54: 45075 | B54: Illuna / Ghidorah | C54: 5 | D54: 10 | E54: Win | G54: 206 | H54: 198 | J54: =IFERROR(__xludf.DUMMYFUNCTION("""COMPUTED_VALUE"""),45075.0) -> 45075 | K54: =IFERROR(__xludf.DUMMYFUNCTION("""COMPUTED_VALUE"""),206.0) -> 206 | L54: =IFERROR(__xludf.DUMMYFUNCTION("""COMPUTED_VALUE"""),198.0) -> 198
A55: 45075 | B55: Breya, Etherium Shaper | C55: 11 | D55: 16 | E55: Win | G55: 207 | H55: 198 | J55: =IFERROR(__xludf.DUMMYFUNCTION("""COMPUTED_VALUE"""),45075.0) -> 45075 | K55: =IFERROR(__xludf.DUMMYFUNCTION("""COMPUTED_VALUE"""),207.0) -> 207 | L55: =IFERROR(__xludf.DUMMYFUNCTION("""COMPUTED_VALUE"""),198.0) -> 198
A56: 45075 | B56: Nethroi, Apex of Death | C56: 3 | D56: 5 | E56: Loss | G56: 207 | H56: 199 | J56: =IFERROR(__xludf.DUMMYFUNCTION("""COMPUTED_VALUE"""),45075.0) -> 45075 | K56: =IFERROR(__xludf.DUMMYFUNCTION("""COMPUTED_VALUE"""),207.0) -> 207 | L56: =IFERROR(__xludf.DUMMYFUNCTION("""COMPUTED_VALUE"""),199.0) -> 199
A57: 45079 | B57: Taigam, Ojutai Master | C57: 4 | D57: 10 | E57: Loss | G57: 207 | H57: 200 | J57: =IFERROR(__xludf.DUMMYFUNCTION("""COMPUTED_VALUE"""),45079.0) -> 45079 | K57: =IFERROR(__xludf.DUMMYFUNCTION("""COMPUTED_VALUE"""),207.0) -> 207 | L57: =IFERROR(__xludf.DUMMYFUNCTION("""COMPUTED_VALUE"""),200.0) -> 200
A58: 45079 | B58: Obosh, the Preypiercer | C58: 14 | D58: 20 | E58: Loss | G58: 207 | H58: 201 | J58: =IFERROR(__xludf.DUMMYFUNCTION("""COMPUTED_VALUE"""),45079.0) -> 45079 | K58: =IFERROR(__xludf.DUMMYFUNCTION("""COMPUTED_VALUE"""),207.0) -> 207 | L58: =IFERROR(__xludf.DUMMYFUNCTION("""COMPUTED_VALUE"""),201.0) -> 201
A59: 45079 | B59: Sram, Senior Edificer | C59: 11 | D59: 6 | E59: Win | G59: 208 | H59: 201 | J59: =IFERROR(__xludf.DUMMYFUNCTION("""COMPUTED_VALUE"""),45079.0) -> 45079 | K59: =IFERROR(__xludf.DUMMYFUNCTION("""COMPUTED_VALUE"""),208.0) -> 208 | L59: =IFERROR(__xludf.DUMMYFUNCTION("""COMPUTED_VALUE"""),201.0) -> 201
A60: 45079 | B60: Ghyrson Starn, Kelermorph | C60: 5 | D60: 6 | E60: Win | G60: 209 | H60: 201 | J60: =IFERROR(__xludf.DUMMYFUNCTION("""COMPUTED_VALUE"""),45079.0) -> 45079 | K60: =IFERROR(__xludf.DUMMYFUNCTION("""COMPUTED_VALUE"""),209.0) -> 209 | L60: =IFERROR(__xludf.DUMMYFUNCTION("""COMPUTED_VALUE"""),201.0) -> 201
A61: 45079 | B61: Breya, Etherium Shaper | C61: 11 | D61: 17 | E61: Loss | G61: 209 | H61: 202 | J61: =IFERROR(__xludf.DUMMYFUNCTION("""COMPUTED_VALUE"""),45079.0) -> 45079 | K61: =IFERROR(__xludf.DUMMYFUNCTION("""COMPUTED_VALUE"""),209.0) -> 209 | L61: =IFERROR(__xludf.DUMMYFUNCTION("""COMPUTED_VALUE"""),202.0) -> 202
A62: 45079 | B62: Derevi, Empyrial Tactician | C62: 10 | D62: 13 | E62: Win | G62: 210 | H62: 202 | J62: =IFERROR(__xludf.DUMMYFUNCTION("""COMPUTED_VALUE"""),45079.0) -> 45079 | K62: =IFERROR(__xludf.DUMMYFUNCTION("""COMPUTED_VALUE"""),210.0) -> 210 | L62: =IFERROR(__xludf.DUMMYFUNCTION("""COMPUTED_VALUE"""),202.0) -> 202
A63: 45079 | B63: Marchesa, the Black Rose | C63: 13 | D63: 19 | E63: Win | G63: 211 | H63: 202 | J63: =IFERROR(__xludf.DUMMYFUNCTION("""COMPUTED_VALUE"""),45079.0) -> 45079 | K63: =IFERROR(__xludf.DUMMYFUNCTION("""COMPUTED_VALUE"""),211.0) -> 211 | L63: =IFERROR(__xludf.DUMMYFUNCTION("""COMPUTED_VALUE"""),202.0) -> 202
A64: 45087 | B64: Derevi, Empyrial Tactician | C64: 10 | D64: 13 | E64: Loss | G64: 211 | H64: 203 | J64: =IFERROR(__xludf.DUMMYFUNCTION("""COMPUTED_VALUE"""),45087.0) -> 45087 | K64: =IFERROR(__xludf.DUMMYFUNCTION("""COMPUTED_VALUE"""),211.0) -> 211 | L64: =IFERROR(__xludf.DUMMYFUNCTION("""COMPUTED_VALUE"""),203.0) -> 203
A65: 45087 | B65: Breya, Etherium Shaper | C65: 11 | D65: 18 | E65: Loss | G65: 211 | H65: 204 | J65: =IFERROR(__xludf.DUMMYFUNCTION("""COMPUTED_VALUE"""),45087.0) -> 45087 | K65: =IFERROR(__xludf.DUMMYFUNCTION("""COMPUTED_VALUE"""),211.0) -> 211 | L65: =IFERROR(__xludf.DUMMYFUNCTION("""COMPUTED_VALUE"""),204.0) -> 204
A66: 45087 | B66: Saskia the Unyielding | C66: 9 | D66: 18 | E66: Win | G66: 212 | H66: 204 | J66: =IFERROR(__xludf.DUMMYFUNCTION("""COMPUTED_VALUE"""),45087.0) -> 45087 | K66: =IFERROR(__xludf.DUMMYFUNCTION("""COMPUTED_VALUE"""),212.0) -> 212 | L66: =IFERROR(__xludf.DUMMYFUNCTION("""COMPUTED_VALUE"""),204.0) -> 204
A67: 45087 | B67: Tariel, Reckoner of Souls | C67: 11 | D67: 13 | E67: Loss | G67: 212 | H67: 205 | J67: =IFERROR(__xludf.DUMMYFUNCTION("""COMPUTED_VALUE"""),45087.0) -> 45087 | K67: =IFERROR(__xludf.DUMMYFUNCTION("""COMPUTED_VALUE"""),212.0) -> 212 | L67: =IFERROR(__xludf.DUMMYFUNCTION("""COMPUTED_VALUE"""),205.0) -> 205
A68: 45087 | B68: Kykar, Wind's Fury | C68: 11 | D68: 6 | E68: Loss | G68: 212 | H68: 206 | J68: =IFERROR(__xludf.DUMMYFUNCTION("""COMPUTED_VALUE"""),45087.0) -> 45087 | K68: =IFERROR(__xludf.DUMMYFUNCTION("""COMPUTED_VALUE"""),212.0) -> 212 | L68: =IFERROR(__xludf.DUMMYFUNCTION("""COMPUTED_VALUE"""),206.0) -> 206
A69: 45087 | B69: Illuna / Ghidorah | C69: 7 | D69: 13 | E69: Loss | G69: 212 | H69: 207 | J69: =IFERROR(__xludf.DUMMYFUNCTION("""COMPUTED_VALUE"""),45087.0) -> 45087 | K69: =IFERROR(__xludf.DUMMYFUNCTION("""COMPUTED_VALUE"""),212.0) -> 212 | L69: =IFERROR(__xludf.DUMMYFUNCTION("""COMPUTED_VALUE"""),207.0) -> 207
A70: 45087 | B70: Sythis, Harvest's Hand | C70: 11 | D70: 5 | E70: Loss | G70: 212 | H70: 208 | J70: =IFERROR(__xludf.DUMMYFUNCTION("""COMPUTED_VALUE"""),45087.0) -> 45087 | K70: =IFERROR(__xludf.DUMMYFUNCTION("""COMPUTED_VALUE"""),212.0) -> 212 | L70: =IFERROR(__xludf.DUMMYFUNCTION("""COMPUTED_VALUE"""),208.0) -> 208
A71: 45089 | B71: Minn, Wily Illusionist | C71: 11 | D71: 6 | E71: Win | G71: 213 | H71: 208 | J71: =IFERROR(__xludf.DUMMYFUNCTION("""COMPUTED_VALUE"""),45089.0) -> 45089 | K71: =IFERROR(__xludf.DUMMYFUNCTION("""COMPUTED_VALUE"""),213.0) -> 213 | L71: =IFERROR(__xludf.DUMMYFUNCTION("""COMPUTED_VALUE"""),208.0) -> 208
A72: 45094 | B72: Teysa, Orzhov Scion | C72: 12 | D72: 3 | E72: Win | G72: 214 | H72: 208 | J72: =IFERROR(__xludf.DUMMYFUNCTION("""COMPUTED_VALUE"""),45094.0) -> 45094 | K72: =IFERROR(__xludf.DUMMYFUNCTION("""COMPUTED_VALUE"""),214.0) -> 214 | L72: =IFERROR(__xludf.DUMMYFUNCTION("""COMPUTED_VALUE"""),208.0) -> 208
A73: 45094 | B73: Obosh, the Preypiercer | C73: 14 | D73: 21 | E73: Loss | G73: 214 | H73: 209 | J73: =IFERROR(__xludf.DUMMYFUNCTION("""COMPUTED_VALUE"""),45094.0) -> 45094 | K73: =IFERROR(__xludf.DUMMYFUNCTION("""COMPUTED_VALUE"""),214.0) -> 214 | L73: =IFERROR(__xludf.DUMMYFUNCTION("""COMPUTED_VALUE"""),209.0) -> 209
A74: 45094 | B74: Nethroi, Apex of Death | C74: 4 | D74: 5 | E74: Win | G74: 215 | H74: 209 | J74: =IFERROR(__xludf.DUMMYFUNCTION("""COMPUTED_VALUE"""),45094.0) -> 45094 | K74: =IFERROR(__xludf.DUMMYFUNCTION("""COMPUTED_VALUE"""),215.0) -> 215 | L74: =IFERROR(__xludf.DUMMYFUNCTION("""COMPUTED_VALUE"""),209.0) -> 209
A75: 45094 | B75: Ikra // Tymna | C75: 10 | D75: 12 | E75: Win | G75: 216 | H75: 209 | J75: =IFERROR(__xludf.DUMMYFUNCTION("""COMPUTED_VALUE"""),45094.0) -> 45094 | K75: =IFERROR(__xludf.DUMMYFUNCTION("""COMPUTED_VALUE"""),216.0) -> 216 | L75: =IFERROR(__xludf.DUMMYFUNCTION("""COMPUTED_VALUE"""),209.0) -> 209
A76: 45094 | B76: Ikra // Tymna | C76: 10 | D76: 13 | E76: Loss | G76: 216 | H76: 210 | J76: =IFERROR(__xludf.DUMMYFUNCTION("""COMPUTED_VALUE"""),45094.0) -> 45094 | K76: =IFERROR(__xludf.DUMMYFUNCTION("""COMPUTED_VALUE"""),216.0) -> 216 | L76: =IFERROR(__xludf.DUMMYFUNCTION("""COMPUTED_VALUE"""),210.0) -> 210
A77: 45094 | B77: Breya, Etherium Shaper | C77: 11 | D77: 19 | E77: Loss | G77: 216 | H77: 211 | J77: =IFERROR(__xludf.DUMMYFUNCTION("""COMPUTED_VALUE"""),45094.0) -> 45094 | K77: =IFERROR(__xludf.DUMMYFUNCTION("""COMPUTED_VALUE"""),216.0) -> 216 | L77: =IFERROR(__xludf.DUMMYFUNCTION("""COMPUTED_VALUE"""),211.0) -> 211
A78: 45094 | B78: Sythis, Harvest's Hand | C78: 12 | D78: 5 | E78: Win | G78: 217 | H78: 211 | J78: =IFERROR(__xludf.DUMMYFUNCTION("""COMPUTED_VALUE"""),45094.0) -> 45094 | K78: =IFERROR(__xludf.DUMMYFUNCTION("""COMPUTED_VALUE"""),217.0) -> 217 | L78: =IFERROR(__xludf.DUMMYFUNCTION("""COMPUTED_VALUE"""),211.0) -> 211
A79: 45108 | B79: Marchesa, the Black Rose | C79: 14 | D79: 20 | E79: Loss | G79: 217 | H79: 212 | J79: =IFERROR(__xludf.DUMMYFUNCTION("""COMPUTED_VALUE"""),45108.0) -> 45108 | K79: =IFERROR(__xludf.DUMMYFUNCTION("""COMPUTED_VALUE"""),217.0) -> 217 | L79: =IFERROR(__xludf.DUMMYFUNCTION("""COMPUTED_VALUE"""),212.0) -> 212
A80: 45108 | B80: Tariel, Reckoner of Souls | C80: 12 | D80: 13 | E80: Win | G80: 218 | H80: 212 | J80: =IFERROR(__xludf.DUMMYFUNCTION("""COMPUTED_VALUE"""),45108.0) -> 45108 | K80: =IFERROR(__xludf.DUMMYFUNCTION("""COMPUTED_VALUE"""),218.0) -> 218 | L80: =IFERROR(__xludf.DUMMYFUNCTION("""COMPUTED_VALUE"""),212.0) -> 212
A81: 45111 | B81: Sen Triplets | C81: 10 | D81: 5 | E81: Loss | G81: 218 | H81: 213 | J81: =IFERROR(__xludf.DUMMYFUNCTION("""COMPUTED_VALUE"""),45111.0) -> 45111 | K81: =IFERROR(__xludf.DUMMYFUNCTION("""COMPUTED_VALUE"""),218.0) -> 218 | L81: =IFERROR(__xludf.DUMMYFUNCTION("""COMPUTED_VALUE"""),213.0) -> 213
A82: 45115 | B82: Kykar, Wind's Fury | C82: 11 | D82: 7 | E82: Loss | G82: 218 | H82: 214 | J82: =IFERROR(__xludf.DUMMYFUNCTION("""COMPUTED_VALUE"""),45115.0) -> 45115 | K82: =IFERROR(__xludf.DUMMYFUNCTION("""COMPUTED_VALUE"""),218.0) -> 218 | L82: =IFERROR(__xludf.DUMMYFUNCTION("""COMPUTED_VALUE"""),214.0) -> 214
A83: 45122 | B83: Damia, Sage of Stone | C83: 2 | D83: 3 | E83: Loss | G83: 218 | H83: 215 | J83: =IFERROR(__xludf.DUMMYFUNCTION("""COMPUTED_VALUE"""),45122.0) -> 45122 | K83: =IFERROR(__xludf.DUMMYFUNCTION("""COMPUTED_VALUE"""),218.0) -> 218 | L83: =IFERROR(__xludf.DUMMYFUNCTION("""COMPUTED_VALUE"""),215.0) -> 215
A84: 45122 | B84: Damia, Sage of Stone | C84: 2 | D84: 4 | E84: Loss | G84: 218 | H84: 216 | J84: =IFERROR(__xludf.DUMMYFUNCTION("""COMPUTED_VALUE"""),45122.0) -> 45122 | K84: =IFERROR(__xludf.DUMMYFUNCTION("""COMPUTED_VALUE"""),218.0) -> 218 | L84: =IFERROR(__xludf.DUMMYFUNCTION("""COMPUTED_VALUE"""),216.0) -> 216
A85: 45122 | B85: Obosh, the Preypiercer | C85: 14 | D85: 22 | E85: Loss | G85: 218 | H85: 217 | J85: =IFERROR(__xludf.DUMMYFUNCTION("""COMPUTED_VALUE"""),45122.0) -> 45122 | K85: =IFERROR(__xludf.DUMMYFUNCTION("""COMPUTED_VALUE"""),218.0) -> 218 | L85: =IFERROR(__xludf.DUMMYFUNCTION("""COMPUTED_VALUE"""),217.0) -> 217
A86: 45122 | B86: Scion, The Ur Dragon | C86: 7 | D86: 7 | E86: Loss | G86: 218 | H86: 218 | J86: =IFERROR(__xludf.DUMMYFUNCTION("""COMPUTED_VALUE"""),45122.0) -> 45122 | K86: =IFERROR(__xludf.DUMMYFUNCTION("""COMPUTED_VALUE"""),218.0) -> 218 | L86: =IFERROR(__xludf.DUMMYFUNCTION("""COMPUTED_VALUE"""),218.0) -> 218
A87: 45122 | B87: Scion, The Ur Dragon | C87: 7 | D87: 8 | E87: Loss | G87: 218 | H87: 219 | J87: =IFERROR(__xludf.DUMMYFUNCTION("""COMPUTED_VALUE"""),45122.0) -> 45122 | K87: =IFERROR(__xludf.DUMMYFUNCTION("""COMPUTED_VALUE"""),218.0) -> 218 | L87: =IFERROR(__xludf.DUMMYFUNCTION("""COMPUTED_VALUE"""),219.0) -> 219
A88: 45122 | B88: Sen Triplets | C88: 11 | D88: 5 | E88: Win | G88: 219 | H88: 219 | J88: =IFERROR(__xludf.DUMMYFUNCTION("""COMPUTED_VALUE"""),45122.0) -> 45122 | K88: =IFERROR(__xludf.DUMMYFUNCTION("""COMPUTED_VALUE"""),219.0) -> 219 | L88: =IFERROR(__xludf.DUMMYFUNCTION("""COMPUTED_VALUE"""),219.0) -> 219
A89: 45122 | B89: Derevi, Empyrial Tactician | C89: 10 | D89: 14 | E89: Loss | G89: 219 | H89: 220 | J89: =IFERROR(__xludf.DUMMYFUNCTION("""COMPUTED_VALUE"""),45122.0) -> 45122 | K89: =IFERROR(__xludf.DUMMYFUNCTION("""COMPUTED_VALUE"""),219.0) -> 219 | L89: =IFERROR(__xludf.DUMMYFUNCTION("""COMPUTED_VALUE"""),220.0) -> 220
A90: 45122 | B90: Ghyrson Starn, Kelermorph | C90: 6 | D90: 6 | E90: Win | G90: 220 | H90: 220 | J90: =IFERROR(__xludf.DUMMYFUNCTION("""COMPUTED_VALUE"""),45122.0) -> 45122 | K90: =IFERROR(__xludf.DUMMYFUNCTION("""COMPUTED_VALUE"""),220.0) -> 220 | L90: =IFERROR(__xludf.DUMMYFUNCTION("""COMPUTED_VALUE"""),220.0) -> 220
A91: 45122 | B91: Ikra // Tymna | C91: 11 | D91: 13 | E91: Win | G91: 221 | H91: 220 | J91: =IFERROR(__xludf.DUMMYFUNCTION("""COMPUTED_VALUE"""),45122.0) -> 45122 | K91: =IFERROR(__xludf.DUMMYFUNCTION("""COMPUTED_VALUE"""),221.0) -> 221 | L91: =IFERROR(__xludf.DUMMYFUNCTION("""COMPUTED_VALUE"""),220.0) -> 220
A92: 45151 | B92: Illuna / Ghidorah | C92: 7 | D92: 14 | E92: Loss | G92: 221 | H92: 221 | J92: =IFERROR(__xludf.DUMMYFUNCTION("""COMPUTED_VALUE"""),45151.0) -> 45151 | K92: =IFERROR(__xludf.DUMMYFUNCTION("""COMPUTED_VALUE"""),221.0) -> 221 | L92: =IFERROR(__xludf.DUMMYFUNCTION("""COMPUTED_VALUE"""),221.0) -> 221
A93: 45151 | B93: Nethroi, Apex of Death | C93: 4 | D93: 6 | E93: Loss | G93: 221 | H93: 222 | J93: =IFERROR(__xludf.DUMMYFUNCTION("""COMPUTED_VALUE"""),45151.0) -> 45151 | K93: =IFERROR(__xludf.DUMMYFUNCTION("""COMPUTED_VALUE"""),221.0) -> 221 | L93: =IFERROR(__xludf.DUMMYFUNCTION("""COMPUTED_VALUE"""),222.0) -> 222
A94: 45164 | B94: Damia, Sage of Stone | C94: 2 | D94: 5 | E94: Loss | G94: 221 | H94: 223 | J94: =IFERROR(__xludf.DUMMYFUNCTION("""COMPUTED_VALUE"""),45164.0) -> 45164 | K94: =IFERROR(__xludf.DUMMYFUNCTION("""COMPUTED_VALUE"""),221.0) -> 221 | L94: =IFERROR(__xludf.DUMMYFUNCTION("""COMPUTED_VALUE"""),223.0) -> 223
A95: 45164 | B95: Minn, Wily Illusionist | C95: 11 | D95: 7 | E95: Loss | G95: 221 | H95: 224 | J95: =IFERROR(__xludf.DUMMYFUNCTION("""COMPUTED_VALUE"""),45164.0) -> 45164 | K95: =IFERROR(__xludf.DUMMYFUNCTION("""COMPUTED_VALUE"""),221.0) -> 221 | L95: =IFERROR(__xludf.DUMMYFUNCTION("""COMPUTED_VALUE"""),224.0) -> 224
A96: 45164 | B96: Damia, Sage of Stone | C96: 2 | D96: 6 | E96: Loss | G96: 221 | H96: 225 | J96: =IFERROR(__xludf.DUMMYFUNCTION("""COMPUTED_VALUE"""),45164.0) -> 45164 | K96: =IFERROR(__xludf.DUMMYFUNCTION("""COMPUTED_VALUE"""),221.0) -> 221 | L96: =IFERROR(__xludf.DUMMYFUNCTION("""COMPUTED_VALUE"""),225.0) -> 225
A97: 45179 | B97: Obosh, the Preypiercer | C97: 15 | D97: 22 | E97: Win | G97: 222 | H97: 225 | J97: =IFERROR(__xludf.DUMMYFUNCTION("""COMPUTED_VALUE"""),45179.0) -> 45179 | K97: =IFERROR(__xludf.DUMMYFUNCTION("""COMPUTED_VALUE"""),222.0) -> 222 | L97: =IFERROR(__xludf.DUMMYFUNCTION("""COMPUTED_VALUE"""),225.0) -> 225
A98: 45179 | B98: Kykar, Wind's Fury | C98: 12 | D98: 7 | E98: Win | G98: 223 | H98: 225 | J98: =IFERROR(__xludf.DUMMYFUNCTION("""COMPUTED_VALUE"""),45179.0) -> 45179 | K98: =IFERROR(__xludf.DUMMYFUNCTION("""COMPUTED_VALUE"""),223.0) -> 223 | L98: =IFERROR(__xludf.DUMMYFUNCTION("""COMPUTED_VALUE"""),225.0) -> 225
A99: 45179 | B99: Teysa, Orzhov Scion | C99: 12 | D99: 4 | E99: Loss | G99: 223 | H99: 226 | J99: =IFERROR(__xludf.DUMMYFUNCTION("""COMPUTED_VALUE"""),45179.0) -> 45179 | K99: =IFERROR(__xludf.DUMMYFUNCTION("""COMPUTED_VALUE"""),223.0) -> 223 | L99: =IFERROR(__xludf.DUMMYFUNCTION("""COMPUTED_VALUE"""),226.0) -> 226
A100: 45179 | B100: Jetmir, Nexus of Revels | C100: 7 | D100: 3 | E100: Win | G100: 224 | H100: 226 | J100: =IFERROR(__xludf.DUMMYFUNCTION("""COMPUTED_VALUE"""),45179.0) -> 45179 | K100: =IFERROR(__xludf.DUMMYFUNCTION("""COMPUTED_VALUE"""),224.0) -> 224 | L100: =IFERROR(__xludf.DUMMYFUNCTION("""COMPUTED_VALUE"""),226.0) -> 226
A101: 45179 | B101: Derevi, Empyrial Tactician | C101: 10 | D101: 15 | E101: Loss | G101: 224 | H101: 227 | J101: =IFERROR(__xludf.DUMMYFUNCTION("""COMPUTED_VALUE"""),45179.0) -> 45179 | K101: =IFERROR(__xludf.DUMMYFUNCTION("""COMPUTED_VALUE"""),224.0) -> 224 | L101: =IFERROR(__xludf.DUMMYFUNCTION("""COMPUTED_VALUE"""),227.0) -> 227
A102: 45182 | B102: Taigam, Ojutai Master | C102: 4 | D102: 11 | E102: Loss | G102: 224 | H102: 228 | J102: =IFERROR(__xludf.DUMMYFUNCTION("""COMPUTED_VALUE"""),45182.0) -> 45182 | K102: =IFERROR(__xludf.DUMMYFUNCTION("""COMPUTED_VALUE"""),224.0) -> 224 | L102: =IFERROR(__xludf.DUMMYFUNCTION("""COMPUTED_VALUE"""),228.0) -> 228
A103: 45182 | B103: Scion, The Ur Dragon | C103: 8 | D103: 8 | E103: Win | G103: 225 | H103: 228 | J103: =IFERROR(__xludf.DUMMYFUNCTION("""COMPUTED_VALUE"""),45182.0) -> 45182 | K103: =IFERROR(__xludf.DUMMYFUNCTION("""COMPUTED_VALUE"""),225.0) -> 225 | L103: =IFERROR(__xludf.DUMMYFUNCTION("""COMPUTED_VALUE"""),228.0) -> 228
A104: 45186 | B104: Sythis, Harvest's Hand | C104: 13 | D104: 5 | E104: Win | G104: 226 | H104: 228 | J104: =IFERROR(__xludf.DUMMYFUNCTION("""COMPUTED_VALUE"""),45186.0) -> 45186 | K104: =IFERROR(__xludf.DUMMYFUNCTION("""COMPUTED_VALUE"""),226.0) -> 226 | L104: =IFERROR(__xludf.DUMMYFUNCTION("""COMPUTED_VALUE"""),228.0) -> 228
A105: 45186 | B105: Ghyrson Starn, Kelermorph | C105: 6 | D105: 7 | E105: Loss | G105: 226 | H105: 229 | J105: =IFERROR(__xludf.DUMMYFUNCTION("""COMPUTED_VALUE"""),45186.0) -> 45186 | K105: =IFERROR(__xludf.DUMMYFUNCTION("""COMPUTED_VALUE"""),226.0) -> 226 | L105: =IFERROR(__xludf.DUMMYFUNCTION("""COMPUTED_VALUE"""),229.0) -> 229
A106: 45186 | B106: Jetmir, Nexus of Revels | C106: 7 | D106: 4 | E106: Loss | G106: 226 | H106: 230 | J106: =IFERROR(__xludf.DUMMYFUNCTION("""COMPUTED_VALUE"""),45186.0) -> 45186 | K106: =IFERROR(__xludf.DUMMYFUNCTION("""COMPUTED_VALUE"""),226.0) -> 226 | L106: =IFERROR(__xludf.DUMMYFUNCTION("""COMPUTED_VALUE"""),230.0) -> 230
A107: 45186 | B107: Sythis, Harvest's Hand | C107: 13 | D107: 6 | E107: Loss | G107: 226 | H107: 231 | J107: =IFERROR(__xludf.DUMMYFUNCTION("""COMPUTED_VALUE"""),45186.0) -> 45186 | K107: =IFERROR(__xludf.DUMMYFUNCTION("""COMPUTED_VALUE"""),226.0) -> 226 | L107: =IFERROR(__xludf.DUMMYFUNCTION("""COMPUTED_VALUE"""),231.0) -> 231
...
